sample_rank,validation_row,encounter_id,true_class_id,true_category,predicted_class_id,predicted_category,original_probability,calibrated_confidence,sequence_tokens,content_tokens,positive_attribution_tokens,top_10_percent_mask_count,lig_steps,convergence_delta,top_support_tokens
1,271,ce6f3cd3-7f58-5bd9-86c4-6a878e17ca42,48,Z96,41,Z87,0.05368911847472191,0.3244391984611931,286,284,201,21,50,-0.0037316083908081055,"[{""token_position"": 51, ""token"": ""##dic"", ""attribution"": 0.09787316620349884, ""normalised_attribution"": 0.03401002660393715}, {""token_position"": 255, ""token"": ""##th"", ""attribution"": 0.08855602890253067, ""normalised_attribution"": 0.030772408470511436}, {""token_position"": 196, ""token"": ""##dic"", ""attribution"": 0.07938219606876373, ""normalised_attribution"": 0.027584586292505264}, {""token_position"": 50, ""token"": ""##ae"", ""attribution"": 0.05356331542134285, ""normalised_attribution"": 0.018612761050462723}, {""token_position"": 195, ""token"": ""##ae"", ""attribution"": 0.04206106811761856, ""normalised_attribution"": 0.01461583562195301}, {""token_position"": 127, ""token"": ""chronic"", ""attribution"": 0.039441462606191635, ""normalised_attribution"": 0.013705546967685223}, {""token_position"": 47, ""token"": ""or"", ""attribution"": 0.03627924621105194, ""normalised_attribution"": 0.012606705538928509}, {""token_position"": 141, ""token"": ""pro"", ""attribution"": 0.03552798181772232, ""normalised_attribution"": 0.012345648370683193}, {""token_position"": 159, ""token"": ""hip"", ""attribution"": 0.033356137573719025, ""normalised_attribution"": 0.011590952053666115}, {""token_position"": 94, ""token"": ""hip"", ""attribution"": 0.03170524910092354, ""normalised_attribution"": 0.01101728342473507}, {""token_position"": 52, ""token"": ""##s"", ""attribution"": 0.029980860650539398, ""normalised_attribution"": 0.010418074205517769}, {""token_position"": 193, ""token"": ""##th"", ""attribution"": 0.02961759828031063, ""normalised_attribution"": 0.010291843675076962}, {""token_position"": 161, ""token"": ""pro"", ""attribution"": 0.028728341683745384, ""normalised_attribution"": 0.009982835501432419}, {""token_position"": 160, ""token"": ""joint"", ""attribution"": 0.027448438107967377, ""normalised_attribution"": 0.009538080543279648}, {""token_position"": 120, ""token"": ""following"", ""attribution"": 0.026758303865790367, ""normalised_attribution"": 0.009298264980316162}, {""token_position"": 136, ""token"": ""showed"", ""attribution"": 0.02665795013308525, ""normalised_attribution"": 0.009263393469154835}, {""token_position"": 268, ""token"": ""the"", ""attribution"": 0.025450872257351875, ""normalised_attribution"": 0.008843944407999516}, {""token_position"": 60, ""token"": "","", ""attribution"": 0.0242733396589756, ""normalised_attribution"": 0.008434763178229332}, {""token_position"": 250, ""token"": ""follow"", ""attribution"": 0.02426958829164505, ""normalised_attribution"": 0.00843345932662487}, {""token_position"": 197, ""token"": ""pro"", ""attribution"": 0.023681489750742912, ""normalised_attribution"": 0.00822910014539957}, {""token_position"": 143, ""token"": ""##hesis"", ""attribution"": 0.02352467179298401, ""normalised_attribution"": 0.008174607530236244}]"
2,218,b68398c5-41a9-5715-b4b8-c57f06bdc8b0,42,Z88,42,Z88,0.5554500222206116,0.9999999739993393,272,270,244,25,50,-0.03948831558227539,"[{""token_position"": 131, ""token"": ""##er"", ""attribution"": 0.19937081634998322, ""normalised_attribution"": 0.04313884675502777}, {""token_position"": 249, ""token"": ""all"", ""attribution"": 0.19043079018592834, ""normalised_attribution"": 0.04120445251464844}, {""token_position"": 250, ""token"": ""##er"", ""attribution"": 0.15936356782913208, ""normalised_attribution"": 0.034482281655073166}, {""token_position"": 130, ""token"": ""all"", ""attribution"": 0.15768572688102722, ""normalised_attribution"": 0.03411924093961716}, {""token_position"": 181, ""token"": ""all"", ""attribution"": 0.1448753923177719, ""normalised_attribution"": 0.031347405165433884}, {""token_position"": 200, ""token"": ""all"", ""attribution"": 0.1406863033771515, ""normalised_attribution"": 0.03044098988175392}, {""token_position"": 191, ""token"": ""##er"", ""attribution"": 0.13707000017166138, ""normalised_attribution"": 0.029658513143658638}, {""token_position"": 190, ""token"": ""all"", ""attribution"": 0.1333991140127182, ""normalised_attribution"": 0.02886422537267208}, {""token_position"": 182, ""token"": ""##er"", ""attribution"": 0.12379227578639984, ""normalised_attribution"": 0.02678554691374302}, {""token_position"": 132, ""token"": ""##gy"", ""attribution"": 0.12195020914077759, ""normalised_attribution"": 0.026386968791484833}, {""token_position"": 149, ""token"": ""all"", ""attribution"": 0.10244287550449371, ""normalised_attribution"": 0.022166071459650993}, {""token_position"": 150, ""token"": ""##er"", ""attribution"": 0.08648393303155899, ""normalised_attribution"": 0.018712956458330154}, {""token_position"": 201, ""token"": ""##ergic"", ""attribution"": 0.07188192009925842, ""normalised_attribution"": 0.015553446486592293}, {""token_position"": 251, ""token"": ""##gy"", ""attribution"": 0.06929953396320343, ""normalised_attribution"": 0.014994682744145393}, {""token_position"": 185, ""token"": ""updated"", ""attribution"": 0.06015139818191528, ""normalised_attribution"": 0.013015255331993103}, {""token_position"": 183, ""token"": ""##gy"", ""attribution"": 0.05314992368221283, ""normalised_attribution"": 0.011500311084091663}, {""token_position"": 93, ""token"": ""fever"", ""attribution"": 0.051078133285045624, ""normalised_attribution"": 0.011052028276026249}, {""token_position"": 133, ""token"": ""history"", ""attribution"": 0.04964730888605118, ""normalised_attribution"": 0.010742433369159698}, {""token_position"": 192, ""token"": ""##gy"", ""attribution"": 0.046811796724796295, ""normalised_attribution"": 0.010128899477422237}, {""token_position"": 151, ""token"": ""##gy"", ""attribution"": 0.0420062281191349, ""normalised_attribution"": 0.009089095517992973}, {""token_position"": 252, ""token"": ""record"", ""attribution"": 0.03429695591330528, ""normalised_attribution"": 0.0074210017919540405}, {""token_position"": 176, ""token"": ""##bial"", ""attribution"": 0.03093819133937359, ""normalised_attribution"": 0.006694249343127012}, {""token_position"": 173, ""token"": ""anti"", ""attribution"": 0.029958752915263176, ""normalised_attribution"": 0.006482323165982962}, {""token_position"": 244, ""token"": ""g"", ""attribution"": 0.02977374568581581, ""normalised_attribution"": 0.006442292593419552}, {""token_position"": 138, ""token"": ""markers"", ""attribution"": 0.027346014976501465, ""normalised_attribution"": 0.005916992202401161}]"
3,183,01139892-b375-53cf-9a0a-115e893e9ca4,33,R29,33,R29,0.08941209316253662,0.8801276814409693,277,275,232,24,50,-0.001047372817993164,"[{""token_position"": 139, ""token"": ""spinal"", ""attribution"": 0.06433926522731781, ""normalised_attribution"": 0.03260468319058418}, {""token_position"": 49, ""token"": ""##uro"", ""attribution"": 0.0538276843726635, ""normalised_attribution"": 0.027277816087007523}, {""token_position"": 246, ""token"": ""##uro"", ""attribution"": 0.04571877047419548, ""normalised_attribution"": 0.023168528452515602}, {""token_position"": 198, ""token"": ""strength"", ""attribution"": 0.03902820497751236, ""normalised_attribution"": 0.01977800391614437}, {""token_position"": 51, ""token"": ""service"", ""attribution"": 0.037109389901161194, ""normalised_attribution"": 0.018805623054504395}, {""token_position"": 161, ""token"": ""##uro"", ""attribution"": 0.035912442952394485, ""normalised_attribution"": 0.018199054524302483}, {""token_position"": 140, ""token"": ""imaging"", ""attribution"": 0.03207855299115181, ""normalised_attribution"": 0.016256187111139297}, {""token_position"": 244, ""token"": "":"", ""attribution"": 0.03136023133993149, ""normalised_attribution"": 0.015892168506979942}, {""token_position"": 240, ""token"": ""."", ""attribution"": 0.027395572513341904, ""normalised_attribution"": 0.013883030973374844}, {""token_position"": 247, ""token"": ""##logy"", ""attribution"": 0.026526231318712234, ""normalised_attribution"": 0.013442481867969036}, {""token_position"": 127, ""token"": ""."", ""attribution"": 0.026301687583327293, ""normalised_attribution"": 0.013328691013157368}, {""token_position"": 50, ""token"": ""##logy"", ""attribution"": 0.025815747678279877, ""normalised_attribution"": 0.013082435354590416}, {""token_position"": 162, ""token"": ""##logical"", ""attribution"": 0.023626262322068214, ""normalised_attribution"": 0.011972888372838497}, {""token_position"": 193, ""token"": ""mobility"", ""attribution"": 0.023469632491469383, ""normalised_attribution"": 0.01189351361244917}, {""token_position"": 135, ""token"": ""##uro"", ""attribution"": 0.02344961278140545, ""normalised_attribution"": 0.011883368715643883}, {""token_position"": 136, ""token"": ""##logical"", ""attribution"": 0.02239781990647316, ""normalised_attribution"": 0.011350360698997974}, {""token_position"": 255, ""token"": ""follow"", ""attribution"": 0.021875686943531036, ""normalised_attribution"": 0.011085763573646545}, {""token_position"": 194, ""token"": ""assessment"", ""attribution"": 0.020750921219587326, ""normalised_attribution"": 0.010515774600207806}, {""token_position"": 245, ""token"": ""ne"", ""attribution"": 0.01874866895377636, ""normalised_attribution"": 0.009501109831035137}, {""token_position"": 196, ""token"": ""completed"", ""attribution"": 0.018537335097789764, ""normalised_attribution"": 0.00939401425421238}, {""token_position"": 180, ""token"": ""##ution"", ""attribution"": 0.018497686833143234, ""normalised_attribution"": 0.009373921900987625}, {""token_position"": 183, ""token"": ""provided"", ""attribution"": 0.018363328650593758, ""normalised_attribution"": 0.009305833838880062}, {""token_position"": 243, ""token"": ""up"", ""attribution"": 0.01651110127568245, ""normalised_attribution"": 0.008367195725440979}, {""token_position"": 259, ""token"": ""the"", ""attribution"": 0.01634598709642887, ""normalised_attribution"": 0.008283521980047226}]"
4,201,55f8574b-45ae-5e1f-b019-2aad4d6302fd,2,C77,3,C78,0.1098446324467659,0.9294184097132143,279,277,221,23,50,-0.0062580108642578125,"[{""token_position"": 254, ""token"": ""##cology"", ""attribution"": 0.21069148182868958, ""normalised_attribution"": 0.07510259002447128}, {""token_position"": 198, ""token"": ""bio"", ""attribution"": 0.10494843125343323, ""normalised_attribution"": 0.037409670650959015}, {""token_position"": 257, ""token"": ""bio"", ""attribution"": 0.09585902094841003, ""normalised_attribution"": 0.03416968137025833}, {""token_position"": 51, ""token"": ""##cology"", ""attribution"": 0.07299010455608368, ""normalised_attribution"": 0.02601788006722927}, {""token_position"": 193, ""token"": ""guided"", ""attribution"": 0.07197806239128113, ""normalised_attribution"": 0.025657130405306816}, {""token_position"": 50, ""token"": ""on"", ""attribution"": 0.06898275017738342, ""normalised_attribution"": 0.024589428678154945}, {""token_position"": 185, ""token"": ""##cology"", ""attribution"": 0.06802241504192352, ""normalised_attribution"": 0.02424710988998413}, {""token_position"": 184, ""token"": ""on"", ""attribution"": 0.05574394017457962, ""normalised_attribution"": 0.019870351999998093}, {""token_position"": 205, ""token"": ""remained"", ""attribution"": 0.05198638513684273, ""normalised_attribution"": 0.018530944362282753}, {""token_position"": 197, ""token"": ""node"", ""attribution"": 0.04371792450547218, ""normalised_attribution"": 0.015583587810397148}, {""token_position"": 187, ""token"": ""were"", ""attribution"": 0.03496666997671127, ""normalised_attribution"": 0.012464136816561222}, {""token_position"": 49, ""token"": ""medical"", ""attribution"": 0.03481956571340561, ""normalised_attribution"": 0.012411699630320072}, {""token_position"": 52, ""token"": ""service"", ""attribution"": 0.03414161503314972, ""normalised_attribution"": 0.012170039117336273}, {""token_position"": 188, ""token"": ""arranged"", ""attribution"": 0.03325096517801285, ""normalised_attribution"": 0.011852560564875603}, {""token_position"": 91, ""token"": ""node"", ""attribution"": 0.029179370030760765, ""normalised_attribution"": 0.010401208885014057}, {""token_position"": 201, ""token"": ""completed"", ""attribution"": 0.028795938938856125, ""normalised_attribution"": 0.010264532640576363}, {""token_position"": 195, ""token"": ""##ymph"", ""attribution"": 0.02874484658241272, ""normalised_attribution"": 0.010246319696307182}, {""token_position"": 252, ""token"": "":"", ""attribution"": 0.028156183660030365, ""normalised_attribution"": 0.010036486200988293}, {""token_position"": 200, ""token"": ""was"", ""attribution"": 0.027835451066493988, ""normalised_attribution"": 0.009922158904373646}, {""token_position"": 176, ""token"": ""##ym"", ""attribution"": 0.02553805150091648, ""normalised_attribution"": 0.009103232994675636}, {""token_position"": 204, ""token"": ""patient"", ""attribution"": 0.025521758943796158, ""normalised_attribution"": 0.009097426198422909}, {""token_position"": 179, ""token"": ""control"", ""attribution"": 0.021689366549253464, ""normalised_attribution"": 0.007731340359896421}, {""token_position"": 196, ""token"": ""-"", ""attribution"": 0.021077729761600494, ""normalised_attribution"": 0.007513317745178938}]"
5,176,04e4c91a-9620-5450-94c4-0d93ac9e2679,44,Z91,44,Z91,0.12135075777769089,0.9682969044619766,278,276,232,24,50,-0.0032966136932373047,"[{""token_position"": 253, ""token"": ""falls"", ""attribution"": 0.5372235774993896, ""normalised_attribution"": 0.1556764543056488}, {""token_position"": 196, ""token"": ""falls"", ""attribution"": 0.24620124697685242, ""normalised_attribution"": 0.07134410738945007}, {""token_position"": 162, ""token"": ""falls"", ""attribution"": 0.1854553520679474, ""normalised_attribution"": 0.05374118313193321}, {""token_position"": 255, ""token"": ""service"", ""attribution"": 0.1318873018026352, ""normalised_attribution"": 0.03821825236082077}, {""token_position"": 251, ""token"": "":"", ""attribution"": 0.10131585597991943, ""normalised_attribution"": 0.029359271749854088}, {""token_position"": 159, ""token"": ""fall"", ""attribution"": 0.06696367263793945, ""normalised_attribution"": 0.019404707476496696}, {""token_position"": 197, ""token"": ""assessment"", ""attribution"": 0.06590297073125839, ""normalised_attribution"": 0.01909733936190605}, {""token_position"": 209, ""token"": ""walking"", ""attribution"": 0.05033855885267258, ""normalised_attribution"": 0.01458708941936493}, {""token_position"": 101, ""token"": ""##ait"", ""attribution"": 0.0478382483124733, ""normalised_attribution"": 0.013862550258636475}, {""token_position"": 143, ""token"": ""mobility"", ""attribution"": 0.042492032051086426, ""normalised_attribution"": 0.012313324958086014}, {""token_position"": 89, ""token"": ""fall"", ""attribution"": 0.04109901934862137, ""normalised_attribution"": 0.011909659020602703}, {""token_position"": 105, ""token"": ""falling"", ""attribution"": 0.04040480777621269, ""normalised_attribution"": 0.011708490550518036}, {""token_position"": 261, ""token"": ""patient"", ""attribution"": 0.03580762445926666, ""normalised_attribution"": 0.010376320220530033}, {""token_position"": 199, ""token"": ""completed"", ""attribution"": 0.03571701422333717, ""normalised_attribution"": 0.010350063443183899}, {""token_position"": 161, ""token"": ""ongoing"", ""attribution"": 0.030073469504714012, ""normalised_attribution"": 0.008714678697288036}, {""token_position"": 50, ""token"": ""##eria"", ""attribution"": 0.02972240373492241, ""normalised_attribution"": 0.008612947538495064}, {""token_position"": 163, ""token"": ""risk"", ""attribution"": 0.02757250890135765, ""normalised_attribution"": 0.00798995140939951}, {""token_position"": 195, ""token"": ""##ial"", ""attribution"": 0.026523692533373833, ""normalised_attribution"": 0.007686025928705931}, {""token_position"": 164, ""token"": ""."", ""attribution"": 0.02630770578980446, ""normalised_attribution"": 0.007623437326401472}, {""token_position"": 192, ""token"": ""multi"", ""attribution"": 0.026207484304904938, ""normalised_attribution"": 0.007594394963234663}, {""token_position"": 248, ""token"": ""follow"", ""attribution"": 0.024913378059864044, ""normalised_attribution"": 0.007219389546662569}, {""token_position"": 250, ""token"": ""up"", ""attribution"": 0.024580061435699463, ""normalised_attribution"": 0.007122801151126623}, {""token_position"": 202, ""token"": ""patient"", ""attribution"": 0.021421054378151894, ""normalised_attribution"": 0.00620738510042429}, {""token_position"": 259, ""token"": ""."", ""attribution"": 0.021414510905742645, ""normalised_attribution"": 0.006205488927662373}]"
6,88,6ad445c1-0459-55d1-979a-5616165a7aa6,3,C78,3,C78,0.2072133719921112,0.9992846170183214,266,264,242,25,50,0.0006351470947265625,"[{""token_position"": 50, ""token"": ""##cology"", ""attribution"": 0.15372471511363983, ""normalised_attribution"": 0.045448753982782364}, {""token_position"": 179, ""token"": ""##cology"", ""attribution"": 0.13239935040473938, ""normalised_attribution"": 0.03914390504360199}, {""token_position"": 242, ""token"": ""##cology"", ""attribution"": 0.12800396978855133, ""normalised_attribution"": 0.03784440830349922}, {""token_position"": 180, ""token"": ""review"", ""attribution"": 0.09093435108661652, ""normalised_attribution"": 0.026884764432907104}, {""token_position"": 243, ""token"": ""review"", ""attribution"": 0.08786756545305252, ""normalised_attribution"": 0.025978069752454758}, {""token_position"": 194, ""token"": ""remained"", ""attribution"": 0.08382683247327805, ""normalised_attribution"": 0.0247834250330925}, {""token_position"": 241, ""token"": ""on"", ""attribution"": 0.07641799747943878, ""normalised_attribution"": 0.022593000903725624}, {""token_position"": 186, ""token"": ""guided"", ""attribution"": 0.06006959453225136, ""normalised_attribution"": 0.017759591341018677}, {""token_position"": 178, ""token"": ""on"", ""attribution"": 0.05170378088951111, ""normalised_attribution"": 0.015286237001419067}, {""token_position"": 187, ""token"": ""tissue"", ""attribution"": 0.05058380961418152, ""normalised_attribution"": 0.01495511643588543}, {""token_position"": 159, ""token"": ""liver"", ""attribution"": 0.04797040671110153, ""normalised_attribution"": 0.01418246328830719}, {""token_position"": 160, ""token"": ""."", ""attribution"": 0.041771888732910156, ""normalised_attribution"": 0.012349870055913925}, {""token_position"": 209, ""token"": ""included"", ""attribution"": 0.03992631658911705, ""normalised_attribution"": 0.011804225854575634}, {""token_position"": 196, ""token"": ""while"", ""attribution"": 0.03977522253990173, ""normalised_attribution"": 0.011759554967284203}, {""token_position"": 95, ""token"": ""reported"", ""attribution"": 0.03977169841527939, ""normalised_attribution"": 0.011758512817323208}, {""token_position"": 244, ""token"": ""within"", ""attribution"": 0.037949368357658386, ""normalised_attribution"": 0.011219740845263004}, {""token_position"": 37, ""token"": ""sex"", ""attribution"": 0.03778447210788727, ""normalised_attribution"": 0.011170988902449608}, {""token_position"": 182, ""token"": ""arranged"", ""attribution"": 0.03631623834371567, ""normalised_attribution"": 0.010736905969679356}, {""token_position"": 197, ""token"": ""path"", ""attribution"": 0.035806238651275635, ""normalised_attribution"": 0.010586123913526535}, {""token_position"": 256, ""token"": ""review"", ""attribution"": 0.03415372967720032, ""normalised_attribution"": 0.010097559541463852}, {""token_position"": 189, ""token"": ""was"", ""attribution"": 0.03124758042395115, ""normalised_attribution"": 0.009238355793058872}, {""token_position"": 174, ""token"": ""##om"", ""attribution"": 0.028691444545984268, ""normalised_attribution"": 0.008482633158564568}, {""token_position"": 188, ""token"": ""sampling"", ""attribution"": 0.027869371697306633, ""normalised_attribution"": 0.00823958683758974}, {""token_position"": 49, ""token"": ""on"", ""attribution"": 0.02653435990214348, ""normalised_attribution"": 0.007844890467822552}, {""token_position"": 185, ""token"": ""-"", ""attribution"": 0.024323390796780586, ""normalised_attribution"": 0.007191217038780451}]"
7,205,f5abc9a0-90bf-5675-9d41-b171bd30c925,15,I10,15,I10,0.7050532102584839,0.9999999969733362,278,276,233,24,50,-0.0040738582611083984,"[{""token_position"": 191, ""token"": ""monitoring"", ""attribution"": 0.10343688726425171, ""normalised_attribution"": 0.023586461320519447}, {""token_position"": 196, ""token"": ""pressure"", ""attribution"": 0.09668261557817459, ""normalised_attribution"": 0.022046301513910294}, {""token_position"": 253, ""token"": ""-"", ""attribution"": 0.07796882838010788, ""normalised_attribution"": 0.017779042944312096}, {""token_position"": 136, ""token"": ""-"", ""attribution"": 0.07502828538417816, ""normalised_attribution"": 0.01710851676762104}, {""token_position"": 195, ""token"": ""blood"", ""attribution"": 0.06849667429924011, ""normalised_attribution"": 0.015619129873812199}, {""token_position"": 247, ""token"": ""blood"", ""attribution"": 0.06811820715665817, ""normalised_attribution"": 0.015532828867435455}, {""token_position"": 135, ""token"": ""blood"", ""attribution"": 0.06666220724582672, ""normalised_attribution"": 0.015200820751488209}, {""token_position"": 190, ""token"": ""pressure"", ""attribution"": 0.0637146607041359, ""normalised_attribution"": 0.014528699219226837}, {""token_position"": 255, ""token"": ""review"", ""attribution"": 0.060097724199295044, ""normalised_attribution"": 0.013703937642276287}, {""token_position"": 248, ""token"": ""-"", ""attribution"": 0.058288656175136566, ""normalised_attribution"": 0.013291420415043831}, {""token_position"": 188, ""token"": ""blood"", ""attribution"": 0.052777133882045746, ""normalised_attribution"": 0.012034641578793526}, {""token_position"": 93, ""token"": ""reported"", ""attribution"": 0.04970533400774002, ""normalised_attribution"": 0.011334186419844627}, {""token_position"": 203, ""token"": ""cardiac"", ""attribution"": 0.048105545341968536, ""normalised_attribution"": 0.010969390161335468}, {""token_position"": 143, ""token"": ""testing"", ""attribution"": 0.048074670135974884, ""normalised_attribution"": 0.01096235029399395}, {""token_position"": 182, ""token"": ""lifestyle"", ""attribution"": 0.04792643338441849, ""normalised_attribution"": 0.010928547941148281}, {""token_position"": 252, ""token"": ""##nal"", ""attribution"": 0.0478091724216938, ""normalised_attribution"": 0.01090180967003107}, {""token_position"": 85, ""token"": ""headache"", ""attribution"": 0.04602102190256119, ""normalised_attribution"": 0.01049406174570322}, {""token_position"": 107, ""token"": ""-"", ""attribution"": 0.044545017182826996, ""normalised_attribution"": 0.010157492011785507}, {""token_position"": 201, ""token"": ""##logical"", ""attribution"": 0.04431476444005966, ""normalised_attribution"": 0.010104987770318985}, {""token_position"": 197, ""token"": ""improved"", ""attribution"": 0.042043134570121765, ""normalised_attribution"": 0.009586993604898453}, {""token_position"": 254, ""token"": ""function"", ""attribution"": 0.04114876314997673, ""normalised_attribution"": 0.009383052587509155}, {""token_position"": 193, ""token"": ""arranged"", ""attribution"": 0.04109933599829674, ""normalised_attribution"": 0.009371781721711159}, {""token_position"": 205, ""token"": ""##plication"", ""attribution"": 0.041062094271183014, ""normalised_attribution"": 0.009363289922475815}, {""token_position"": 176, ""token"": ""##ens"", ""attribution"": 0.04103762283921242, ""normalised_attribution"": 0.009357709437608719}]"
8,310,9c4f3279-5fe1-5fe7-8927-b26008f8ccda,37,Z50,37,Z50,0.47689488530158997,0.9999998023542132,258,256,208,21,50,0.005034446716308594,"[{""token_position"": 235, ""token"": ""rehabilitation"", ""attribution"": 0.7050976157188416, ""normalised_attribution"": 0.194831982254982}, {""token_position"": 151, ""token"": ""rehabilitation"", ""attribution"": 0.22423428297042847, ""normalised_attribution"": 0.06196022778749466}, {""token_position"": 234, ""token"": ""community"", ""attribution"": 0.15682747960090637, ""normalised_attribution"": 0.04333443567156792}, {""token_position"": 120, ""token"": ""rehabilitation"", ""attribution"": 0.15554265677928925, ""normalised_attribution"": 0.042979415506124496}, {""token_position"": 193, ""token"": ""walking"", ""attribution"": 0.07133061438798904, ""normalised_attribution"": 0.019710015505552292}, {""token_position"": 150, ""token"": ""##disciplinary"", ""attribution"": 0.05615394562482834, ""normalised_attribution"": 0.015516410581767559}, {""token_position"": 190, ""token"": ""transfers"", ""attribution"": 0.044322364032268524, ""normalised_attribution"": 0.012247118167579174}, {""token_position"": 149, ""token"": ""multi"", ""attribution"": 0.043293893337249756, ""normalised_attribution"": 0.011962931603193283}, {""token_position"": 119, ""token"": ""##disciplinary"", ""attribution"": 0.03497811779379845, ""normalised_attribution"": 0.009665124118328094}, {""token_position"": 85, ""token"": ""mobility"", ""attribution"": 0.03261173143982887, ""normalised_attribution"": 0.009011246263980865}, {""token_position"": 177, ""token"": ""supervised"", ""attribution"": 0.03173660486936569, ""normalised_attribution"": 0.008769432082772255}, {""token_position"": 239, ""token"": ""."", ""attribution"": 0.03171554207801819, ""normalised_attribution"": 0.008763612248003483}, {""token_position"": 184, ""token"": ""completed"", ""attribution"": 0.03133879601955414, ""normalised_attribution"": 0.00865950994193554}, {""token_position"": 185, ""token"": ""."", ""attribution"": 0.02931070327758789, ""normalised_attribution"": 0.008099108934402466}, {""token_position"": 180, ""token"": ""and"", ""attribution"": 0.029131677001714706, ""normalised_attribution"": 0.00804964080452919}, {""token_position"": 200, ""token"": ""##tam"", ""attribution"": 0.027930576354265213, ""normalised_attribution"": 0.007717753294855356}, {""token_position"": 108, ""token"": ""distance"", ""attribution"": 0.026395339518785477, ""normalised_attribution"": 0.007293537724763155}, {""token_position"": 183, ""token"": ""was"", ""attribution"": 0.02559478208422661, ""normalised_attribution"": 0.007072328589856625}, {""token_position"": 131, ""token"": ""functional"", ""attribution"": 0.023893021047115326, ""normalised_attribution"": 0.006602099165320396}, {""token_position"": 189, ""token"": ""safe"", ""attribution"": 0.02384168654680252, ""normalised_attribution"": 0.006587914656847715}, {""token_position"": 125, ""token"": ""clinical"", ""attribution"": 0.02359963208436966, ""normalised_attribution"": 0.006521030329167843}]"
9,128,a98a407a-a224-518b-adb9-588568da679c,47,Z95,47,Z95,0.29434746503829956,0.9999729183067996,265,263,244,25,50,-0.0007457733154296875,"[{""token_position"": 240, ""token"": ""cardiac"", ""attribution"": 0.1121629923582077, ""normalised_attribution"": 0.0363176204264164}, {""token_position"": 241, ""token"": ""device"", ""attribution"": 0.09542261064052582, ""normalised_attribution"": 0.030897198244929314}, {""token_position"": 239, ""token"": "":"", ""attribution"": 0.08104468882083893, ""normalised_attribution"": 0.02624172531068325}, {""token_position"": 242, ""token"": ""clinic"", ""attribution"": 0.08009317517280579, ""normalised_attribution"": 0.025933630764484406}, {""token_position"": 159, ""token"": ""pace"", ""attribution"": 0.07075977325439453, ""normalised_attribution"": 0.022911537438631058}, {""token_position"": 178, ""token"": ""cardiac"", ""attribution"": 0.056712426245212555, ""normalised_attribution"": 0.01836310140788555}, {""token_position"": 160, ""token"": ""##maker"", ""attribution"": 0.05114766210317612, ""normalised_attribution"": 0.016561267897486687}, {""token_position"": 52, ""token"": ""card"", ""attribution"": 0.05021554231643677, ""normalised_attribution"": 0.01625945419073105}, {""token_position"": 179, ""token"": ""device"", ""attribution"": 0.04552467167377472, ""normalised_attribution"": 0.014740582555532455}, {""token_position"": 53, ""token"": ""##iology"", ""attribution"": 0.043817419558763504, ""normalised_attribution"": 0.014187785796821117}, {""token_position"": 158, ""token"": ""cardiac"", ""attribution"": 0.039137765765190125, ""normalised_attribution"": 0.01267254538834095}, {""token_position"": 238, ""token"": ""up"", ""attribution"": 0.03719744831323624, ""normalised_attribution"": 0.01204428356140852}, {""token_position"": 182, ""token"": ""completed"", ""attribution"": 0.03413601964712143, ""normalised_attribution"": 0.011053013615310192}, {""token_position"": 161, ""token"": ""."", ""attribution"": 0.03254939988255501, ""normalised_attribution"": 0.010539276525378227}, {""token_position"": 236, ""token"": ""follow"", ""attribution"": 0.02973698452115059, ""normalised_attribution"": 0.00962863489985466}, {""token_position"": 173, ""token"": ""device"", ""attribution"": 0.028990603983402252, ""normalised_attribution"": 0.009386962279677391}, {""token_position"": 172, ""token"": ""and"", ""attribution"": 0.025754060596227646, ""normalised_attribution"": 0.008338991552591324}, {""token_position"": 185, ""token"": ""device"", ""attribution"": 0.02532808482646942, ""normalised_attribution"": 0.008201063610613346}, {""token_position"": 138, ""token"": ""device"", ""attribution"": 0.025235608220100403, ""normalised_attribution"": 0.00817111972719431}, {""token_position"": 181, ""token"": ""was"", ""attribution"": 0.024948514997959137, ""normalised_attribution"": 0.008078161627054214}, {""token_position"": 207, ""token"": ""was"", ""attribution"": 0.02480405941605568, ""normalised_attribution"": 0.008031387813389301}, {""token_position"": 139, ""token"": ""interrogation"", ""attribution"": 0.024092165753245354, ""normalised_attribution"": 0.007800880819559097}, {""token_position"": 245, ""token"": ""up"", ""attribution"": 0.024009080603718758, ""normalised_attribution"": 0.007773978635668755}, {""token_position"": 237, ""token"": ""-"", ""attribution"": 0.02391987107694149, ""normalised_attribution"": 0.007745093200355768}, {""token_position"": 92, ""token"": ""device"", ""attribution"": 0.021712779998779297, ""normalised_attribution"": 0.007030452135950327}]"
10,115,ac1ac6fe-3bc5-5752-97ff-756dfeeccfb7,35,Z37,35,Z37,0.14667543768882751,0.997888699608849,272,270,244,25,50,0.0015819072723388672,"[{""token_position"": 113, ""token"": ""##lat"", ""attribution"": 0.14785215258598328, ""normalised_attribution"": 0.045960113406181335}, {""token_position"": 190, ""token"": ""##agi"", ""attribution"": 0.085823655128479, ""normalised_attribution"": 0.02667844109237194}, {""token_position"": 110, ""token"": ""##vic"", ""attribution"": 0.07307690382003784, ""normalised_attribution"": 0.022716090083122253}, {""token_position"": 162, ""token"": ""##agi"", ""attribution"": 0.060741014778614044, ""normalised_attribution"": 0.018881456926465034}, {""token_position"": 204, ""token"": ""delivery"", ""attribution"": 0.05432335287332535, ""normalised_attribution"": 0.01688651368021965}, {""token_position"": 94, ""token"": ""reported"", ""attribution"": 0.05340476334095001, ""normalised_attribution"": 0.016600968316197395}, {""token_position"": 196, ""token"": ""mother"", ""attribution"": 0.0499291718006134, ""normalised_attribution"": 0.015520574524998665}, {""token_position"": 112, ""token"": ""di"", ""attribution"": 0.047099292278289795, ""normalised_attribution"": 0.014640902169048786}, {""token_position"": 164, ""token"": ""delivery"", ""attribution"": 0.04587569832801819, ""normalised_attribution"": 0.014260545372962952}, {""token_position"": 192, ""token"": ""delivery"", ""attribution"": 0.04445348680019379, ""normalised_attribution"": 0.013818448409438133}, {""token_position"": 182, ""token"": ""##nat"", ""attribution"": 0.03872028738260269, ""normalised_attribution"": 0.012036272324621677}, {""token_position"": 188, ""token"": ""spontaneous"", ""attribution"": 0.03711720556020737, ""normalised_attribution"": 0.011537951417267323}, {""token_position"": 158, ""token"": ""live"", ""attribution"": 0.03699876368045807, ""normalised_attribution"": 0.011501133441925049}, {""token_position"": 178, ""token"": ""monitoring"", ""attribution"": 0.034271739423274994, ""normalised_attribution"": 0.01065343338996172}, {""token_position"": 159, ""token"": ""birth"", ""attribution"": 0.03277621418237686, ""normalised_attribution"": 0.01018854696303606}, {""token_position"": 256, ""token"": ""was"", ""attribution"": 0.03215913474559784, ""normalised_attribution"": 0.009996726177632809}, {""token_position"": 108, ""token"": ""c"", ""attribution"": 0.03117961995303631, ""normalised_attribution"": 0.009692242369055748}, {""token_position"": 141, ""token"": ""maternal"", ""attribution"": 0.02856949344277382, ""normalised_attribution"": 0.00888087972998619}, {""token_position"": 235, ""token"": ""discharged"", ""attribution"": 0.02790985256433487, ""normalised_attribution"": 0.008675829507410526}, {""token_position"": 186, ""token"": ""provided"", ""attribution"": 0.027528703212738037, ""normalised_attribution"": 0.008557348512113094}, {""token_position"": 180, ""token"": ""routine"", ""attribution"": 0.02693597972393036, ""normalised_attribution"": 0.008373098447918892}, {""token_position"": 258, ""token"": ""to"", ""attribution"": 0.0262551698833704, ""normalised_attribution"": 0.008161467500030994}, {""token_position"": 166, ""token"": ""procedures"", ""attribution"": 0.026190873235464096, ""normalised_attribution"": 0.008141481317579746}, {""token_position"": 109, ""token"": ""##er"", ""attribution"": 0.025649752467870712, ""normalised_attribution"": 0.00797327235341072}, {""token_position"": 184, ""token"": ""care"", ""attribution"": 0.02535247430205345, ""normalised_attribution"": 0.00788086373358965}]"
11,40,f4fa530f-d06a-5b7c-ae43-d41a061d7c29,3,C78,3,C78,0.20515890419483185,0.99927487201218,259,257,229,23,50,0.003600597381591797,"[{""token_position"": 171, ""token"": ""##cology"", ""attribution"": 0.1847650706768036, ""normalised_attribution"": 0.05777428299188614}, {""token_position"": 49, ""token"": ""##cology"", ""attribution"": 0.1657353937625885, ""normalised_attribution"": 0.05182388424873352}, {""token_position"": 235, ""token"": ""##cology"", ""attribution"": 0.16030409932136536, ""normalised_attribution"": 0.050125569105148315}, {""token_position"": 170, ""token"": ""on"", ""attribution"": 0.08047927916049957, ""normalised_attribution"": 0.025165105238556862}, {""token_position"": 186, ""token"": ""remained"", ""attribution"": 0.07106655836105347, ""normalised_attribution"": 0.02222183719277382}, {""token_position"": 172, ""token"": ""review"", ""attribution"": 0.06984828412532806, ""normalised_attribution"": 0.02184089459478855}, {""token_position"": 234, ""token"": ""on"", ""attribution"": 0.0625297799706459, ""normalised_attribution"": 0.01955246739089489}, {""token_position"": 48, ""token"": ""on"", ""attribution"": 0.0621119849383831, ""normalised_attribution"": 0.019421827048063278}, {""token_position"": 179, ""token"": ""tissue"", ""attribution"": 0.04412117972970009, ""normalised_attribution"": 0.013796273618936539}, {""token_position"": 201, ""token"": ""included"", ""attribution"": 0.04379341006278992, ""normalised_attribution"": 0.013693783432245255}, {""token_position"": 236, ""token"": ""review"", ""attribution"": 0.04375583678483963, ""normalised_attribution"": 0.01368203479796648}, {""token_position"": 178, ""token"": ""guided"", ""attribution"": 0.040048521012067795, ""normalised_attribution"": 0.012522791512310505}, {""token_position"": 50, ""token"": ""service"", ""attribution"": 0.03628956526517868, ""normalised_attribution"": 0.011347401887178421}, {""token_position"": 173, ""token"": ""were"", ""attribution"": 0.033691465854644775, ""normalised_attribution"": 0.010535000823438168}, {""token_position"": 237, ""token"": ""within"", ""attribution"": 0.030516214668750763, ""normalised_attribution"": 0.009542129933834076}, {""token_position"": 188, ""token"": ""while"", ""attribution"": 0.029248449951410294, ""normalised_attribution"": 0.009145712479948997}, {""token_position"": 189, ""token"": ""path"", ""attribution"": 0.028198156505823135, ""normalised_attribution"": 0.008817295543849468}, {""token_position"": 166, ""token"": ""##om"", ""attribution"": 0.02811935544013977, ""normalised_attribution"": 0.008792655542492867}, {""token_position"": 181, ""token"": ""was"", ""attribution"": 0.027654657140374184, ""normalised_attribution"": 0.00864734873175621}, {""token_position"": 180, ""token"": ""sampling"", ""attribution"": 0.026973970234394073, ""normalised_attribution"": 0.008434504270553589}, {""token_position"": 192, ""token"": ""pending"", ""attribution"": 0.026689868420362473, ""normalised_attribution"": 0.008345668204128742}, {""token_position"": 182, ""token"": ""completed"", ""attribution"": 0.026618141680955887, ""normalised_attribution"": 0.008323240093886852}, {""token_position"": 198, ""token"": ""##tam"", ""attribution"": 0.026599759235978127, ""normalised_attribution"": 0.008317491970956326}]"
12,295,280934f9-d37a-51ea-9f17-034189759a90,38,Z51,38,Z51,0.2520768642425537,0.9999259499759147,270,268,250,25,50,0.005209922790527344,"[{""token_position"": 51, ""token"": ""service"", ""attribution"": 0.0750608965754509, ""normalised_attribution"": 0.020853793248534203}, {""token_position"": 182, ""token"": ""##all"", ""attribution"": 0.07474881410598755, ""normalised_attribution"": 0.02076708897948265}, {""token_position"": 247, ""token"": ""care"", ""attribution"": 0.07468429207801819, ""normalised_attribution"": 0.020749162882566452}, {""token_position"": 183, ""token"": ""##ia"", ""attribution"": 0.07065955549478531, ""normalised_attribution"": 0.01963099092245102}, {""token_position"": 243, ""token"": ""##all"", ""attribution"": 0.06802462041378021, ""normalised_attribution"": 0.018898939713835716}, {""token_position"": 48, ""token"": ""##ia"", ""attribution"": 0.06394322961568832, ""normalised_attribution"": 0.017765028402209282}, {""token_position"": 184, ""token"": ""##tive"", ""attribution"": 0.06330004334449768, ""normalised_attribution"": 0.01758633367717266}, {""token_position"": 47, ""token"": ""##all"", ""attribution"": 0.06030656024813652, ""normalised_attribution"": 0.016754670068621635}, {""token_position"": 191, ""token"": ""pain"", ""attribution"": 0.059710726141929626, ""normalised_attribution"": 0.016589133068919182}, {""token_position"": 244, ""token"": ""##ia"", ""attribution"": 0.057008035480976105, ""normalised_attribution"": 0.01583825796842575}, {""token_position"": 170, ""token"": ""##etic"", ""attribution"": 0.05490850657224655, ""normalised_attribution"": 0.015254955738782883}, {""token_position"": 176, ""token"": ""planning"", ""attribution"": 0.04907139390707016, ""normalised_attribution"": 0.013633259572088718}, {""token_position"": 245, ""token"": ""##tive"", ""attribution"": 0.04899673908948898, ""normalised_attribution"": 0.013612519018352032}, {""token_position"": 181, ""token"": ""p"", ""attribution"": 0.04624682292342186, ""normalised_attribution"": 0.012848523445427418}, {""token_position"": 187, ""token"": ""review"", ""attribution"": 0.045784223824739456, ""normalised_attribution"": 0.012720001861453056}, {""token_position"": 251, ""token"": ""."", ""attribution"": 0.04414476454257965, ""normalised_attribution"": 0.01226451899856329}, {""token_position"": 186, ""token"": ""care"", ""attribution"": 0.043385498225688934, ""normalised_attribution"": 0.012053576298058033}, {""token_position"": 49, ""token"": ""##tive"", ""attribution"": 0.041704777628183365, ""normalised_attribution"": 0.011586629785597324}, {""token_position"": 168, ""token"": ""anti"", ""attribution"": 0.04086965322494507, ""normalised_attribution"": 0.01135461125522852}, {""token_position"": 190, ""token"": ""."", ""attribution"": 0.04063180834054947, ""normalised_attribution"": 0.011288532055914402}, {""token_position"": 165, ""token"": ""##ges"", ""attribution"": 0.04058484733104706, ""normalised_attribution"": 0.011275485157966614}, {""token_position"": 194, ""token"": ""improved"", ""attribution"": 0.04053407534956932, ""normalised_attribution"": 0.011261379346251488}, {""token_position"": 188, ""token"": ""was"", ""attribution"": 0.039892785251140594, ""normalised_attribution"": 0.011083212681114674}, {""token_position"": 206, ""token"": ""##phine"", ""attribution"": 0.03638651594519615, ""normalised_attribution"": 0.010109083727002144}, {""token_position"": 166, ""token"": ""##ia"", ""attribution"": 0.03629719465970993, ""normalised_attribution"": 0.01008426770567894}]"
13,178,ffc4554f-61b6-5093-b730-45f0c8a635a0,8,E11,8,E11,0.5285243988037109,0.9999998816632081,274,272,255,26,50,-0.0001773834228515625,"[{""token_position"": 251, ""token"": ""diabetes"", ""attribution"": 0.17256493866443634, ""normalised_attribution"": 0.053482186049222946}, {""token_position"": 202, ""token"": ""glucose"", ""attribution"": 0.08355559408664703, ""normalised_attribution"": 0.025895966216921806}, {""token_position"": 253, ""token"": ""team"", ""attribution"": 0.07787130773067474, ""normalised_attribution"": 0.024134263396263123}, {""token_position"": 51, ""token"": ""diabetes"", ""attribution"": 0.0627269297838211, ""normalised_attribution"": 0.01944064162671566}, {""token_position"": 198, ""token"": ""monitoring"", ""attribution"": 0.05638190358877182, ""normalised_attribution"": 0.017474159598350525}, {""token_position"": 157, ""token"": ""diabetes"", ""attribution"": 0.05298038572072983, ""normalised_attribution"": 0.016419945284724236}, {""token_position"": 188, ""token"": ""diabetes"", ""attribution"": 0.04502309486269951, ""normalised_attribution"": 0.013953781686723232}, {""token_position"": 249, ""token"": "":"", ""attribution"": 0.04155799373984337, ""normalised_attribution"": 0.01287986058741808}, {""token_position"": 200, ""token"": ""completed"", ""attribution"": 0.040197886526584625, ""normalised_attribution"": 0.01245832908898592}, {""token_position"": 186, ""token"": ""monitoring"", ""attribution"": 0.040078550577163696, ""normalised_attribution"": 0.01242134440690279}, {""token_position"": 204, ""token"": ""improved"", ""attribution"": 0.03709690272808075, ""normalised_attribution"": 0.011497256346046925}, {""token_position"": 127, ""token"": ""showed"", ""attribution"": 0.035600535571575165, ""normalised_attribution"": 0.011033494956791401}, {""token_position"": 254, ""token"": ""review"", ""attribution"": 0.03224587067961693, ""normalised_attribution"": 0.009993800893425941}, {""token_position"": 255, ""token"": ""."", ""attribution"": 0.03206693008542061, ""normalised_attribution"": 0.009938342496752739}, {""token_position"": 201, ""token"": ""."", ""attribution"": 0.030313052237033844, ""normalised_attribution"": 0.009394772350788116}, {""token_position"": 191, ""token"": ""provided"", ""attribution"": 0.030073221772909164, ""normalised_attribution"": 0.00932044256478548}, {""token_position"": 199, ""token"": ""was"", ""attribution"": 0.030054617673158646, ""normalised_attribution"": 0.009314676746726036}, {""token_position"": 205, ""token"": ""without"", ""attribution"": 0.02938179299235344, ""normalised_attribution"": 0.009106151759624481}, {""token_position"": 197, ""token"": ""glucose"", ""attribution"": 0.028979284688830376, ""normalised_attribution"": 0.008981403894722462}, {""token_position"": 155, ""token"": ""type"", ""attribution"": 0.028667278587818146, ""normalised_attribution"": 0.008884705603122711}, {""token_position"": 250, ""token"": ""community"", ""attribution"": 0.027760755270719528, ""normalised_attribution"": 0.00860375165939331}, {""token_position"": 258, ""token"": ""was"", ""attribution"": 0.02644260786473751, ""normalised_attribution"": 0.008195225149393082}, {""token_position"": 118, ""token"": ""cardiac"", ""attribution"": 0.02492927759885788, ""normalised_attribution"": 0.007726205978542566}, {""token_position"": 181, ""token"": ""team"", ""attribution"": 0.024292953312397003, ""normalised_attribution"": 0.007528992835432291}, {""token_position"": 57, ""token"": ""202"", ""attribution"": 0.023689890280365944, ""normalised_attribution"": 0.007342088967561722}, {""token_position"": 247, ""token"": ""-"", ""attribution"": 0.023663805797696114, ""normalised_attribution"": 0.007334004621952772}]"
14,160,a0d2ff8a-7eeb-534f-884e-e654ff328a07,15,I10,15,I10,0.7024426460266113,0.9999999963320731,281,279,234,24,50,-0.0037851333618164062,"[{""token_position"": 194, ""token"": ""monitoring"", ""attribution"": 0.10803848505020142, ""normalised_attribution"": 0.02424320951104164}, {""token_position"": 199, ""token"": ""pressure"", ""attribution"": 0.1053570806980133, ""normalised_attribution"": 0.023641517385840416}, {""token_position"": 191, ""token"": ""blood"", ""attribution"": 0.08508003503084183, ""normalised_attribution"": 0.019091466441750526}, {""token_position"": 193, ""token"": ""pressure"", ""attribution"": 0.0833657905459404, ""normalised_attribution"": 0.018706798553466797}, {""token_position"": 137, ""token"": ""-"", ""attribution"": 0.08328047394752502, ""normalised_attribution"": 0.018687654286623}, {""token_position"": 256, ""token"": ""-"", ""attribution"": 0.08085460960865021, ""normalised_attribution"": 0.018143305554986}, {""token_position"": 250, ""token"": ""blood"", ""attribution"": 0.07917148619890213, ""normalised_attribution"": 0.017765622586011887}, {""token_position"": 198, ""token"": ""blood"", ""attribution"": 0.07487703859806061, ""normalised_attribution"": 0.016801971942186356}, {""token_position"": 136, ""token"": ""blood"", ""attribution"": 0.07338085770606995, ""normalised_attribution"": 0.016466237604618073}, {""token_position"": 251, ""token"": ""-"", ""attribution"": 0.0673857256770134, ""normalised_attribution"": 0.01512096542865038}, {""token_position"": 258, ""token"": ""review"", ""attribution"": 0.06235021725296974, ""normalised_attribution"": 0.013991027139127254}, {""token_position"": 98, ""token"": ""headache"", ""attribution"": 0.053661931306123734, ""normalised_attribution"": 0.012041425332427025}, {""token_position"": 200, ""token"": ""improved"", ""attribution"": 0.050898414105176926, ""normalised_attribution"": 0.011421308852732182}, {""token_position"": 94, ""token"": ""reported"", ""attribution"": 0.04787002503871918, ""normalised_attribution"": 0.010741755366325378}, {""token_position"": 255, ""token"": ""##nal"", ""attribution"": 0.04644448310136795, ""normalised_attribution"": 0.01042187213897705}, {""token_position"": 178, ""token"": ""##pert"", ""attribution"": 0.041971027851104736, ""normalised_attribution"": 0.009418054483830929}, {""token_position"": 144, ""token"": ""testing"", ""attribution"": 0.04094350337982178, ""normalised_attribution"": 0.009187484160065651}, {""token_position"": 138, ""token"": ""pressure"", ""attribution"": 0.04012924060225487, ""normalised_attribution"": 0.009004768915474415}, {""token_position"": 179, ""token"": ""##ens"", ""attribution"": 0.04003181681036949, ""normalised_attribution"": 0.008982907049357891}, {""token_position"": 185, ""token"": ""lifestyle"", ""attribution"": 0.03972262889146805, ""normalised_attribution"": 0.008913527242839336}, {""token_position"": 206, ""token"": ""cardiac"", ""attribution"": 0.03920634090900421, ""normalised_attribution"": 0.008797675371170044}, {""token_position"": 203, ""token"": ""##uro"", ""attribution"": 0.0390525758266449, ""normalised_attribution"": 0.008763170801103115}, {""token_position"": 109, ""token"": ""pressure"", ""attribution"": 0.03816394507884979, ""normalised_attribution"": 0.008563768118619919}, {""token_position"": 245, ""token"": ""-"", ""attribution"": 0.03776072710752487, ""normalised_attribution"": 0.008473288267850876}]"
15,148,85f59b9e-69d0-5130-800d-12dae197cd6d,37,Z50,37,Z50,0.4692368805408478,0.999999767094148,282,280,181,19,50,-0.013361930847167969,"[{""token_position"": 259, ""token"": ""rehabilitation"", ""attribution"": 1.373422384262085, ""normalised_attribution"": 0.3400779962539673}, {""token_position"": 173, ""token"": ""rehabilitation"", ""attribution"": 0.3206406235694885, ""normalised_attribution"": 0.07939495891332626}, {""token_position"": 172, ""token"": ""##disciplinary"", ""attribution"": 0.08272836357355118, ""normalised_attribution"": 0.020484663546085358}, {""token_position"": 258, ""token"": ""community"", ""attribution"": 0.057563334703445435, ""normalised_attribution"": 0.014253460802137852}, {""token_position"": 263, ""token"": ""."", ""attribution"": 0.056875407695770264, ""normalised_attribution"": 0.014083120971918106}, {""token_position"": 261, ""token"": ""-"", ""attribution"": 0.054076407104730606, ""normalised_attribution"": 0.013390050269663334}, {""token_position"": 201, ""token"": ""##ait"", ""attribution"": 0.05380839854478836, ""normalised_attribution"": 0.013323687948286533}, {""token_position"": 257, ""token"": "":"", ""attribution"": 0.05122508108615875, ""normalised_attribution"": 0.012684023939073086}, {""token_position"": 171, ""token"": ""multi"", ""attribution"": 0.050764620304107666, ""normalised_attribution"": 0.01257000770419836}, {""token_position"": 215, ""token"": ""walking"", ""attribution"": 0.044430702924728394, ""normalised_attribution"": 0.011001643724739552}, {""token_position"": 92, ""token"": ""mobility"", ""attribution"": 0.0359320268034935, ""normalised_attribution"": 0.00889725610613823}, {""token_position"": 202, ""token"": ""and"", ""attribution"": 0.03332742676138878, ""normalised_attribution"": 0.008252321742475033}, {""token_position"": 203, ""token"": ""transfer"", ""attribution"": 0.0318843349814415, ""normalised_attribution"": 0.00789499282836914}, {""token_position"": 126, ""token"": ""##cha"", ""attribution"": 0.030154474079608917, ""normalised_attribution"": 0.007466656155884266}, {""token_position"": 122, ""token"": ""documented"", ""attribution"": 0.02907959371805191, ""normalised_attribution"": 0.0072005013935267925}, {""token_position"": 200, ""token"": ""g"", ""attribution"": 0.0276431106030941, ""normalised_attribution"": 0.006844808347523212}, {""token_position"": 174, ""token"": ""after"", ""attribution"": 0.02677399292588234, ""normalised_attribution"": 0.006629603449255228}, {""token_position"": 255, ""token"": ""-"", ""attribution"": 0.026176899671554565, ""normalised_attribution"": 0.006481755059212446}, {""token_position"": 212, ""token"": ""transfers"", ""attribution"": 0.025579459965229034, ""normalised_attribution"": 0.0063338205218315125}]"
16,223,8e9a488a-7d75-58ec-9217-3a2642467dc2,37,Z50,37,Z50,0.4661359190940857,0.9999997252270119,282,280,168,17,50,0.011676311492919922,"[{""token_position"": 259, ""token"": ""rehabilitation"", ""attribution"": 1.553497076034546, ""normalised_attribution"": 0.36444491147994995}, {""token_position"": 173, ""token"": ""rehabilitation"", ""attribution"": 0.309154748916626, ""normalised_attribution"": 0.07252660393714905}, {""token_position"": 172, ""token"": ""##disciplinary"", ""attribution"": 0.08444647490978241, ""normalised_attribution"": 0.019810844212770462}, {""token_position"": 257, ""token"": "":"", ""attribution"": 0.0738779827952385, ""normalised_attribution"": 0.01733151264488697}, {""token_position"": 263, ""token"": ""."", ""attribution"": 0.061274945735931396, ""normalised_attribution"": 0.014374884776771069}, {""token_position"": 261, ""token"": ""-"", ""attribution"": 0.05920734256505966, ""normalised_attribution"": 0.01388983242213726}, {""token_position"": 171, ""token"": ""multi"", ""attribution"": 0.05730481445789337, ""normalised_attribution"": 0.013443506322801113}, {""token_position"": 201, ""token"": ""##ait"", ""attribution"": 0.045827336609363556, ""normalised_attribution"": 0.01075093075633049}, {""token_position"": 215, ""token"": ""walking"", ""attribution"": 0.040654681622982025, ""normalised_attribution"": 0.009537444449961185}, {""token_position"": 202, ""token"": ""and"", ""attribution"": 0.03524528816342354, ""normalised_attribution"": 0.008268419653177261}, {""token_position"": 258, ""token"": ""community"", ""attribution"": 0.033267632126808167, ""normalised_attribution"": 0.007804468274116516}, {""token_position"": 203, ""token"": ""transfer"", ""attribution"": 0.0322422981262207, ""normalised_attribution"": 0.007563928607851267}, {""token_position"": 126, ""token"": ""prior"", ""attribution"": 0.02964947745203972, ""normalised_attribution"": 0.006955662276595831}, {""token_position"": 255, ""token"": ""-"", ""attribution"": 0.028946980834007263, ""normalised_attribution"": 0.006790859159082174}, {""token_position"": 200, ""token"": ""g"", ""attribution"": 0.028708450496196747, ""normalised_attribution"": 0.006734900642186403}, {""token_position"": 174, ""token"": ""after"", ""attribution"": 0.0247555673122406, ""normalised_attribution"": 0.005807568319141865}, {""token_position"": 90, ""token"": ""mobility"", ""attribution"": 0.024509232491254807, ""normalised_attribution"": 0.0057497788220644}]"
17,62,5588c30d-0b25-5b94-a7ee-027c89be29ce,21,J45,21,J45,0.21306967735290527,0.9993189163998456,285,283,231,24,50,0.008394479751586914,"[{""token_position"": 259, ""token"": ""##th"", ""attribution"": 0.14213111996650696, ""normalised_attribution"": 0.04671037197113037}, {""token_position"": 211, ""token"": ""remained"", ""attribution"": 0.12974666059017181, ""normalised_attribution"": 0.042640309780836105}, {""token_position"": 154, ""token"": ""##th"", ""attribution"": 0.12212826311588287, ""normalised_attribution"": 0.04013657569885254}, {""token_position"": 260, ""token"": ""##ma"", ""attribution"": 0.09532012045383453, ""normalised_attribution"": 0.03132627159357071}, {""token_position"": 258, ""token"": ""as"", ""attribution"": 0.07285015285015106, ""normalised_attribution"": 0.023941678926348686}, {""token_position"": 153, ""token"": ""as"", ""attribution"": 0.07148785889148712, ""normalised_attribution"": 0.023493971675634384}, {""token_position"": 155, ""token"": ""##ma"", ""attribution"": 0.06732547283172607, ""normalised_attribution"": 0.022126033902168274}, {""token_position"": 47, ""token"": ""respiratory"", ""attribution"": 0.0474470891058445, ""normalised_attribution"": 0.015593145042657852}, {""token_position"": 142, ""token"": ""##cho"", ""attribution"": 0.044249869883060455, ""normalised_attribution"": 0.014542401768267155}, {""token_position"": 207, ""token"": ""resolved"", ""attribution"": 0.03645440191030502, ""normalised_attribution"": 0.011980477720499039}, {""token_position"": 143, ""token"": ""##di"", ""attribution"": 0.03631537780165672, ""normalised_attribution"": 0.011934787966310978}, {""token_position"": 53, ""token"": ""au"", ""attribution"": 0.03452484309673309, ""normalised_attribution"": 0.011346342042088509}, {""token_position"": 173, ""token"": ""##cho"", ""attribution"": 0.03402753919363022, ""normalised_attribution"": 0.011182906106114388}, {""token_position"": 261, ""token"": ""review"", ""attribution"": 0.031794846057891846, ""normalised_attribution"": 0.010449147783219814}, {""token_position"": 197, ""token"": ""##cho"", ""attribution"": 0.031052429229021072, ""normalised_attribution"": 0.010205158032476902}, {""token_position"": 140, ""token"": ""br"", ""attribution"": 0.030193472281098366, ""normalised_attribution"": 0.009922867640852928}, {""token_position"": 209, ""token"": ""oxygen"", ""attribution"": 0.029984071850776672, ""normalised_attribution"": 0.009854050353169441}, {""token_position"": 141, ""token"": ""##on"", ""attribution"": 0.028771694749593735, ""normalised_attribution"": 0.009455610997974873}, {""token_position"": 186, ""token"": ""##hale"", ""attribution"": 0.0272718146443367, ""normalised_attribution"": 0.00896268617361784}, {""token_position"": 174, ""token"": ""##di"", ""attribution"": 0.026302669197320938, ""normalised_attribution"": 0.008644183166325092}, {""token_position"": 254, ""token"": ""follow"", ""attribution"": 0.025500018149614334, ""normalised_attribution"": 0.008380398154258728}, {""token_position"": 183, ""token"": ""treatment"", ""attribution"": 0.023455290123820305, ""normalised_attribution"": 0.00770841259509325}, {""token_position"": 190, ""token"": ""provided"", ""attribution"": 0.02340301126241684, ""normalised_attribution"": 0.007691231556236744}, {""token_position"": 201, ""token"": ""was"", ""attribution"": 0.023080244660377502, ""normalised_attribution"": 0.007585156708955765}]"
18,282,043cddd9-aa45-5557-a014-a6d04baebacd,36,Z38,36,Z38,0.1397649198770523,0.9968448338020788,252,250,212,22,50,-0.00046956539154052734,"[{""token_position"": 179, ""token"": ""remained"", ""attribution"": 0.13591527938842773, ""normalised_attribution"": 0.05572233349084854}, {""token_position"": 163, ""token"": ""feeding"", ""attribution"": 0.10865308344364166, ""normalised_attribution"": 0.04454541951417923}, {""token_position"": 164, ""token"": ""support"", ""attribution"": 0.08721376955509186, ""normalised_attribution"": 0.035755764693021774}, {""token_position"": 147, ""token"": ""infant"", ""attribution"": 0.04792991280555725, ""normalised_attribution"": 0.019650230184197426}, {""token_position"": 178, ""token"": ""infant"", ""attribution"": 0.0446031354367733, ""normalised_attribution"": 0.01828632317483425}, {""token_position"": 122, ""token"": ""investigations"", ""attribution"": 0.039942629635334015, ""normalised_attribution"": 0.016375616192817688}, {""token_position"": 184, ""token"": ""fed"", ""attribution"": 0.02887253277003765, ""normalised_attribution"": 0.01183711551129818}, {""token_position"": 127, ""token"": ""newborn"", ""attribution"": 0.02692841738462448, ""normalised_attribution"": 0.011040070094168186}, {""token_position"": 46, ""token"": ""##ato"", ""attribution"": 0.026523537933826447, ""normalised_attribution"": 0.01087407860904932}, {""token_position"": 92, ""token"": ""effective"", ""attribution"": 0.025695592164993286, ""normalised_attribution"": 0.010534638538956642}, {""token_position"": 100, ""token"": ""feeding"", ""attribution"": 0.0255107581615448, ""normalised_attribution"": 0.010458860546350479}, {""token_position"": 93, ""token"": ""spontaneous"", ""attribution"": 0.023509040474891663, ""normalised_attribution"": 0.009638199582695961}, {""token_position"": 145, ""token"": ""live"", ""attribution"": 0.02241390570998192, ""normalised_attribution"": 0.009189218282699585}, {""token_position"": 185, ""token"": ""successfully"", ""attribution"": 0.02109544351696968, ""normalised_attribution"": 0.008648676797747612}, {""token_position"": 148, ""token"": ""delivered"", ""attribution"": 0.020969144999980927, ""normalised_attribution"": 0.00859689712524414}, {""token_position"": 229, ""token"": ""screening"", ""attribution"": 0.02089838869869709, ""normalised_attribution"": 0.008567888289690018}, {""token_position"": 180, ""token"": ""clinical"", ""attribution"": 0.02053726464509964, ""normalised_attribution"": 0.008419835940003395}, {""token_position"": 250, ""token"": ""."", ""attribution"": 0.019612789154052734, ""normalised_attribution"": 0.008040820248425007}, {""token_position"": 240, ""token"": ""urgent"", ""attribution"": 0.019144756719470024, ""normalised_attribution"": 0.007848937064409256}, {""token_position"": 196, ""token"": ""plan"", ""attribution"": 0.018870923668146133, ""normalised_attribution"": 0.007736671715974808}, {""token_position"": 173, ""token"": ""screening"", ""attribution"": 0.01870328187942505, ""normalised_attribution"": 0.007667941972613335}, {""token_position"": 87, ""token"": ""birth"", ""attribution"": 0.018396567553281784, ""normalised_attribution"": 0.007542195729911327}]"
19,319,62aed3d3-3e1a-5d97-88a3-0abd769e1193,18,I50,18,I50,0.1848505288362503,0.9966339562176171,277,275,231,24,50,-0.0015518665313720703,"[{""token_position"": 251, ""token"": ""heart"", ""attribution"": 0.1988256275653839, ""normalised_attribution"": 0.06605188548564911}, {""token_position"": 253, ""token"": ""failure"", ""attribution"": 0.12602964043617249, ""normalised_attribution"": 0.04186832159757614}, {""token_position"": 50, ""token"": ""card"", ""attribution"": 0.09642940759658813, ""normalised_attribution"": 0.032034825533628464}, {""token_position"": 157, ""token"": ""heart"", ""attribution"": 0.09559310227632523, ""normalised_attribution"": 0.03175699710845947}, {""token_position"": 250, ""token"": "":"", ""attribution"": 0.09090305119752884, ""normalised_attribution"": 0.03019891493022442}, {""token_position"": 179, ""token"": ""heart"", ""attribution"": 0.084291011095047, ""normalised_attribution"": 0.02800232730805874}, {""token_position"": 252, ""token"": ""-"", ""attribution"": 0.052656061947345734, ""normalised_attribution"": 0.017492877319455147}, {""token_position"": 158, ""token"": ""failure"", ""attribution"": 0.04919765889644623, ""normalised_attribution"": 0.016343960538506508}, {""token_position"": 181, ""token"": ""failure"", ""attribution"": 0.043556585907936096, ""normalised_attribution"": 0.014469939284026623}, {""token_position"": 173, ""token"": ""##ures"", ""attribution"": 0.03692612797021866, ""normalised_attribution"": 0.012267233803868294}, {""token_position"": 200, ""token"": ""##ness"", ""attribution"": 0.03677302226424217, ""normalised_attribution"": 0.012216370552778244}, {""token_position"": 196, ""token"": ""was"", ""attribution"": 0.035876668989658356, ""normalised_attribution"": 0.01191859319806099}, {""token_position"": 177, ""token"": ""balance"", ""attribution"": 0.027038244530558586, ""normalised_attribution"": 0.008982378989458084}, {""token_position"": 51, ""token"": ""##iology"", ""attribution"": 0.02702675759792328, ""normalised_attribution"": 0.00897856242954731}, {""token_position"": 202, ""token"": ""o"", ""attribution"": 0.0259457565844059, ""normalised_attribution"": 0.008619443513453007}, {""token_position"": 127, ""token"": ""and"", ""attribution"": 0.02570296637713909, ""normalised_attribution"": 0.008538785390555859}, {""token_position"": 184, ""token"": ""were"", ""attribution"": 0.02564425952732563, ""normalised_attribution"": 0.008519282564520836}, {""token_position"": 248, ""token"": ""-"", ""attribution"": 0.02385198324918747, ""normalised_attribution"": 0.007923870347440243}, {""token_position"": 90, ""token"": ""reported"", ""attribution"": 0.023541057482361794, ""normalised_attribution"": 0.00782057736068964}, {""token_position"": 55, ""token"": ""19"", ""attribution"": 0.022873535752296448, ""normalised_attribution"": 0.0075988201424479485}, {""token_position"": 209, ""token"": ""##nal"", ""attribution"": 0.02258480340242386, ""normalised_attribution"": 0.0075029004365205765}, {""token_position"": 172, ""token"": ""di"", ""attribution"": 0.021832071244716644, ""normalised_attribution"": 0.00725283520296216}, {""token_position"": 205, ""token"": ""improved"", ""attribution"": 0.021766114979982376, ""normalised_attribution"": 0.007230923976749182}, {""token_position"": 126, ""token"": ""findings"", ""attribution"": 0.02158481255173683, ""normalised_attribution"": 0.0071706934832036495}]"
20,331,69c47cef-d844-5f38-b6d8-2b2a4e8d4412,9,E66,9,E66,0.37867751717567444,0.9999948638261082,265,263,206,21,50,-0.005353450775146484,"[{""token_position"": 172, ""token"": ""weight"", ""attribution"": 0.2590905427932739, ""normalised_attribution"": 0.05803028121590614}, {""token_position"": 240, ""token"": ""weight"", ""attribution"": 0.2120053470134735, ""normalised_attribution"": 0.04748428612947464}, {""token_position"": 171, ""token"": ""##disciplinary"", ""attribution"": 0.19736355543136597, ""normalised_attribution"": 0.04420486465096474}, {""token_position"": 174, ""token"": ""management"", ""attribution"": 0.15717759728431702, ""normalised_attribution"": 0.035204142332077026}, {""token_position"": 100, ""token"": ""exercise"", ""attribution"": 0.14588940143585205, ""normalised_attribution"": 0.0326758474111557}, {""token_position"": 176, ""token"": ""activity"", ""attribution"": 0.14044758677482605, ""normalised_attribution"": 0.03145700693130493}, {""token_position"": 170, ""token"": ""multi"", ""attribution"": 0.11677470058202744, ""normalised_attribution"": 0.02615482732653618}, {""token_position"": 242, ""token"": ""management"", ""attribution"": 0.10353073477745056, ""normalised_attribution"": 0.023188486695289612}, {""token_position"": 49, ""token"": ""##rino"", ""attribution"": 0.08953523635864258, ""normalised_attribution"": 0.020053818821907043}, {""token_position"": 50, ""token"": ""##logy"", ""attribution"": 0.08098543435335159, ""normalised_attribution"": 0.018138861283659935}, {""token_position"": 198, ""token"": ""activity"", ""attribution"": 0.07776100188493729, ""normalised_attribution"": 0.017416663467884064}, {""token_position"": 134, ""token"": ""mass"", ""attribution"": 0.07136352360248566, ""normalised_attribution"": 0.01598377525806427}, {""token_position"": 173, ""token"": ""-"", ""attribution"": 0.0647202655673027, ""normalised_attribution"": 0.014495840296149254}, {""token_position"": 132, ""token"": ""body"", ""attribution"": 0.05599561333656311, ""normalised_attribution"": 0.012541720643639565}, {""token_position"": 127, ""token"": ""findings"", ""attribution"": 0.0490235909819603, ""normalised_attribution"": 0.010980148799717426}, {""token_position"": 195, ""token"": ""improved"", ""attribution"": 0.04651649668812752, ""normalised_attribution"": 0.010418618097901344}, {""token_position"": 47, ""token"": ""end"", ""attribution"": 0.0458759069442749, ""normalised_attribution"": 0.010275140404701233}, {""token_position"": 177, ""token"": ""plan"", ""attribution"": 0.04274372756481171, ""normalised_attribution"": 0.00957360491156578}, {""token_position"": 137, ""token"": ""metabolic"", ""attribution"": 0.04216190055012703, ""normalised_attribution"": 0.009443288668990135}, {""token_position"": 101, ""token"": ""tolerance"", ""attribution"": 0.03760485351085663, ""normalised_attribution"": 0.008422615937888622}, {""token_position"": 191, ""token"": ""were"", ""attribution"": 0.037128906697034836, ""normalised_attribution"": 0.008316014893352985}]"
21,303,95235b84-23d9-5598-b535-5ccaa46e0a3b,46,Z93,46,Z93,0.1330653578042984,0.9936778230850283,272,270,228,23,50,0.014257311820983887,"[{""token_position"": 179, ""token"": ""skin"", ""attribution"": 0.0637211799621582, ""normalised_attribution"": 0.02737366408109665}, {""token_position"": 189, ""token"": ""care"", ""attribution"": 0.0569961853325367, ""normalised_attribution"": 0.024484707042574883}, {""token_position"": 51, ""token"": ""##tal"", ""attribution"": 0.04841536656022072, ""normalised_attribution"": 0.020798515528440475}, {""token_position"": 246, ""token"": ""##tom"", ""attribution"": 0.04391678422689438, ""normalised_attribution"": 0.01886599324643612}, {""token_position"": 195, ""token"": ""##tom"", ""attribution"": 0.04311128705739975, ""normalised_attribution"": 0.018519962206482887}, {""token_position"": 196, ""token"": ""##a"", ""attribution"": 0.04070118069648743, ""normalised_attribution"": 0.017484616488218307}, {""token_position"": 186, ""token"": ""##tom"", ""attribution"": 0.04053877294063568, ""normalised_attribution"": 0.017414849251508713}, {""token_position"": 187, ""token"": ""##a"", ""attribution"": 0.037124160677194595, ""normalised_attribution"": 0.015947982668876648}, {""token_position"": 200, ""token"": ""skin"", ""attribution"": 0.035439733415842056, ""normalised_attribution"": 0.015224378556013107}, {""token_position"": 49, ""token"": ""color"", ""attribution"": 0.034320514649152756, ""normalised_attribution"": 0.014743578620254993}, {""token_position"": 88, ""token"": ""##tom"", ""attribution"": 0.032454490661621094, ""normalised_attribution"": 0.013941963203251362}, {""token_position"": 159, ""token"": ""##tom"", ""attribution"": 0.029931511729955673, ""normalised_attribution"": 0.012858129106462002}, {""token_position"": 89, ""token"": ""##a"", ""attribution"": 0.029245156794786453, ""normalised_attribution"": 0.012563280761241913}, {""token_position"": 136, ""token"": ""investigations"", ""attribution"": 0.02772446721792221, ""normalised_attribution"": 0.01191001571714878}, {""token_position"": 140, ""token"": ""##tom"", ""attribution"": 0.02704264223575592, ""normalised_attribution"": 0.011617113836109638}, {""token_position"": 103, ""token"": ""##tom"", ""attribution"": 0.026066137477755547, ""normalised_attribution"": 0.011197621934115887}, {""token_position"": 104, ""token"": ""##a"", ""attribution"": 0.024861272424459457, ""normalised_attribution"": 0.010680030100047588}, {""token_position"": 111, ""token"": ""sore"", ""attribution"": 0.024727631360292435, ""normalised_attribution"": 0.010622619651257992}, {""token_position"": 158, ""token"": ""##los"", ""attribution"": 0.024252213537693024, ""normalised_attribution"": 0.01041838712990284}, {""token_position"": 182, ""token"": ""provided"", ""attribution"": 0.02404579520225525, ""normalised_attribution"": 0.010329713113605976}, {""token_position"": 172, ""token"": ""##yd"", ""attribution"": 0.022624265402555466, ""normalised_attribution"": 0.009719045832753181}, {""token_position"": 163, ""token"": ""procedures"", ""attribution"": 0.021994516253471375, ""normalised_attribution"": 0.009448514319956303}, {""token_position"": 173, ""token"": ""##ration"", ""attribution"": 0.02143630012869835, ""normalised_attribution"": 0.00920871365815401}]"
22,34,91c01ac7-f809-5807-9cd8-e5374b35cd44,35,Z37,35,Z37,0.13813355565071106,0.997042076592966,267,265,230,23,50,-0.0007047653198242188,"[{""token_position"": 111, ""token"": ""##lat"", ""attribution"": 0.12309316545724869, ""normalised_attribution"": 0.036124613136053085}, {""token_position"": 186, ""token"": ""##agi"", ""attribution"": 0.10528446733951569, ""normalised_attribution"": 0.03089822828769684}, {""token_position"": 158, ""token"": ""##agi"", ""attribution"": 0.08680154383182526, ""normalised_attribution"": 0.025473974645137787}, {""token_position"": 108, ""token"": ""##vic"", ""attribution"": 0.08417865633964539, ""normalised_attribution"": 0.0247042253613472}, {""token_position"": 137, ""token"": ""maternal"", ""attribution"": 0.0662834495306015, ""normalised_attribution"": 0.019452452659606934}, {""token_position"": 200, ""token"": ""delivery"", ""attribution"": 0.06325531750917435, ""normalised_attribution"": 0.018563775345683098}, {""token_position"": 192, ""token"": ""mother"", ""attribution"": 0.06006763502955437, ""normalised_attribution"": 0.017628274857997894}, {""token_position"": 188, ""token"": ""delivery"", ""attribution"": 0.05163338780403137, ""normalised_attribution"": 0.015153043903410435}, {""token_position"": 160, ""token"": ""delivery"", ""attribution"": 0.046446289867162704, ""normalised_attribution"": 0.013630767352879047}, {""token_position"": 154, ""token"": ""live"", ""attribution"": 0.0438372939825058, ""normalised_attribution"": 0.012865095399320126}, {""token_position"": 109, ""token"": ""##al"", ""attribution"": 0.043459102511405945, ""normalised_attribution"": 0.0127541059628129}, {""token_position"": 251, ""token"": ""was"", ""attribution"": 0.039994366466999054, ""normalised_attribution"": 0.011737297289073467}, {""token_position"": 178, ""token"": ""##nat"", ""attribution"": 0.03581933677196503, ""normalised_attribution"": 0.010512035340070724}, {""token_position"": 174, ""token"": ""monitoring"", ""attribution"": 0.033948712050914764, ""normalised_attribution"": 0.009963056072592735}, {""token_position"": 182, ""token"": ""provided"", ""attribution"": 0.03268478810787201, ""normalised_attribution"": 0.009592127054929733}, {""token_position"": 88, ""token"": ""labour"", ""attribution"": 0.031490176916122437, ""normalised_attribution"": 0.009241539984941483}, {""token_position"": 155, ""token"": ""birth"", ""attribution"": 0.030936960130929947, ""normalised_attribution"": 0.009079186245799065}, {""token_position"": 195, ""token"": ""were"", ""attribution"": 0.029371177777647972, ""normalised_attribution"": 0.008619669824838638}, {""token_position"": 255, ""token"": ""urgent"", ""attribution"": 0.028468679636716843, ""normalised_attribution"": 0.008354810066521168}, {""token_position"": 140, ""token"": ""##etal"", ""attribution"": 0.027933623641729355, ""normalised_attribution"": 0.0081977853551507}, {""token_position"": 180, ""token"": ""care"", ""attribution"": 0.026200689375400543, ""normalised_attribution"": 0.007689214777201414}, {""token_position"": 189, ""token"": ""was"", ""attribution"": 0.026069961488246918, ""normalised_attribution"": 0.007650849409401417}, {""token_position"": 176, ""token"": ""routine"", ""attribution"": 0.025755319744348526, ""normalised_attribution"": 0.007558510173112154}]"
23,29,ed22ca0a-5920-5c69-a3e4-25a9e92db6e0,32,R26,32,R26,0.05423217639327049,0.3312230606986627,267,265,205,21,50,-0.0056095123291015625,"[{""token_position"": 169, ""token"": ""##ap"", ""attribution"": 0.09559185802936554, ""normalised_attribution"": 0.03500303253531456}, {""token_position"": 170, ""token"": ""##y"", ""attribution"": 0.05704734846949577, ""normalised_attribution"": 0.020889123901724815}, {""token_position"": 191, ""token"": ""mobility"", ""attribution"": 0.05336800217628479, ""normalised_attribution"": 0.019541850313544273}, {""token_position"": 186, ""token"": ""transfer"", ""attribution"": 0.05124225467443466, ""normalised_attribution"": 0.018763462081551552}, {""token_position"": 195, ""token"": ""walking"", ""attribution"": 0.0510534942150116, ""normalised_attribution"": 0.01869434304535389}, {""token_position"": 168, ""token"": ""##ther"", ""attribution"": 0.04818950966000557, ""normalised_attribution"": 0.017645632848143578}, {""token_position"": 166, ""token"": ""##hy"", ""attribution"": 0.0380898118019104, ""normalised_attribution"": 0.013947410508990288}, {""token_position"": 177, ""token"": ""falls"", ""attribution"": 0.03726173937320709, ""normalised_attribution"": 0.013644193299114704}, {""token_position"": 184, ""token"": ""##ait"", ""attribution"": 0.03719498962163925, ""normalised_attribution"": 0.013619751669466496}, {""token_position"": 187, ""token"": ""assessment"", ""attribution"": 0.03693773224949837, ""normalised_attribution"": 0.013525551185011864}, {""token_position"": 116, ""token"": ""harmful"", ""attribution"": 0.03605847433209419, ""normalised_attribution"": 0.013203592039644718}, {""token_position"": 172, ""token"": ""walking"", ""attribution"": 0.034103527665138245, ""normalised_attribution"": 0.012487745843827724}, {""token_position"": 102, ""token"": ""##ait"", ""attribution"": 0.030847270041704178, ""normalised_attribution"": 0.011295396834611893}, {""token_position"": 55, ""token"": ""admission"", ""attribution"": 0.026444319635629654, ""normalised_attribution"": 0.009683161042630672}, {""token_position"": 196, ""token"": ""aid"", ""attribution"": 0.026053939014673233, ""normalised_attribution"": 0.009540214203298092}, {""token_position"": 53, ""token"": ""medicine"", ""attribution"": 0.026034748181700706, ""normalised_attribution"": 0.009533187374472618}, {""token_position"": 185, ""token"": ""and"", ""attribution"": 0.025035187602043152, ""normalised_attribution"": 0.00916717667132616}, {""token_position"": 248, ""token"": ""."", ""attribution"": 0.024357955902814865, ""normalised_attribution"": 0.008919193409383297}, {""token_position"": 162, ""token"": ""course"", ""attribution"": 0.024042975157499313, ""normalised_attribution"": 0.008803856559097767}, {""token_position"": 167, ""token"": ""##sio"", ""attribution"": 0.022853272035717964, ""normalised_attribution"": 0.00836822111159563}, {""token_position"": 160, ""token"": ""and"", ""attribution"": 0.022563066333532333, ""normalised_attribution"": 0.00826195627450943}]"
24,222,3531704f-dfc9-5621-b80b-9a56b28e22a3,43,Z90,43,Z90,0.23904916644096375,0.9961515829835542,271,269,239,24,50,0.0012583732604980469,"[{""token_position"": 249, ""token"": ""-"", ""attribution"": 0.0835501104593277, ""normalised_attribution"": 0.03245433419942856}, {""token_position"": 247, ""token"": ""re"", ""attribution"": 0.08232920616865158, ""normalised_attribution"": 0.031980082392692566}, {""token_position"": 248, ""token"": ""##nal"", ""attribution"": 0.07619992643594742, ""normalised_attribution"": 0.02959921769797802}, {""token_position"": 250, ""token"": ""function"", ""attribution"": 0.06782536208629608, ""normalised_attribution"": 0.02634618803858757}, {""token_position"": 191, ""token"": ""##nal"", ""attribution"": 0.05324863642454147, ""normalised_attribution"": 0.020683983340859413}, {""token_position"": 203, ""token"": ""function"", ""attribution"": 0.045206062495708466, ""normalised_attribution"": 0.01755991205573082}, {""token_position"": 202, ""token"": ""##nal"", ""attribution"": 0.040052637457847595, ""normalised_attribution"": 0.015558108687400818}, {""token_position"": 193, ""token"": ""##sound"", ""attribution"": 0.037073664367198944, ""normalised_attribution"": 0.014400951564311981}, {""token_position"": 101, ""token"": ""discomfort"", ""attribution"": 0.0363864041864872, ""normalised_attribution"": 0.014133990742266178}, {""token_position"": 142, ""token"": ""##nal"", ""attribution"": 0.032765258103609085, ""normalised_attribution"": 0.012727387249469757}, {""token_position"": 245, ""token"": "":"", ""attribution"": 0.02939527854323387, ""normalised_attribution"": 0.011418347246944904}, {""token_position"": 98, ""token"": ""were"", ""attribution"": 0.029041968286037445, ""normalised_attribution"": 0.011281106621026993}, {""token_position"": 171, ""token"": ""procedures"", ""attribution"": 0.026596147567033768, ""normalised_attribution"": 0.010331048630177975}, {""token_position"": 96, ""token"": ""reported"", ""attribution"": 0.025713223963975906, ""normalised_attribution"": 0.009988084435462952}, {""token_position"": 194, ""token"": ""was"", ""attribution"": 0.025299077853560448, ""normalised_attribution"": 0.009827212430536747}, {""token_position"": 190, ""token"": ""re"", ""attribution"": 0.02527523785829544, ""normalised_attribution"": 0.009817952290177345}, {""token_position"": 179, ""token"": ""re"", ""attribution"": 0.02418101578950882, ""normalised_attribution"": 0.00939291063696146}, {""token_position"": 243, ""token"": ""-"", ""attribution"": 0.02396402694284916, ""normalised_attribution"": 0.00930862408131361}, {""token_position"": 141, ""token"": ""re"", ""attribution"": 0.023299705237150192, ""normalised_attribution"": 0.009050573222339153}, {""token_position"": 192, ""token"": ""ultra"", ""attribution"": 0.022411348298192024, ""normalised_attribution"": 0.008705498650670052}, {""token_position"": 154, ""token"": ""."", ""attribution"": 0.021277863532304764, ""normalised_attribution"": 0.008265206590294838}, {""token_position"": 95, ""token"": ""."", ""attribution"": 0.020759020000696182, ""normalised_attribution"": 0.008063665591180325}, {""token_position"": 50, ""token"": ""u"", ""attribution"": 0.020627038553357124, ""normalised_attribution"": 0.008012399077415466}, {""token_position"": 255, ""token"": ""was"", ""attribution"": 0.019957982003688812, ""normalised_attribution"": 0.007752509322017431}]"
25,168,5cce9486-aa70-5378-9b39-c9b854e575da,16,I25,16,I25,0.4727807939052582,0.9999990857317175,275,273,235,24,50,0.016649723052978516,"[{""token_position"": 178, ""token"": ""prevention"", ""attribution"": 0.3149866759777069, ""normalised_attribution"": 0.07500306516885757}, {""token_position"": 49, ""token"": ""card"", ""attribution"": 0.2530750036239624, ""normalised_attribution"": 0.06026096269488335}, {""token_position"": 50, ""token"": ""##iology"", ""attribution"": 0.2404486984014511, ""normalised_attribution"": 0.057254452258348465}, {""token_position"": 252, ""token"": ""clinic"", ""attribution"": 0.21767649054527283, ""normalised_attribution"": 0.05183204635977745}, {""token_position"": 250, ""token"": ""card"", ""attribution"": 0.21012909710407257, ""normalised_attribution"": 0.05003489926457405}, {""token_position"": 251, ""token"": ""##iology"", ""attribution"": 0.13999825716018677, ""normalised_attribution"": 0.03333568945527077}, {""token_position"": 206, ""token"": ""remained"", ""attribution"": 0.13902288675308228, ""normalised_attribution"": 0.03310343995690346}, {""token_position"": 51, ""token"": ""service"", ""attribution"": 0.13840153813362122, ""normalised_attribution"": 0.032955486327409744}, {""token_position"": 98, ""token"": ""exercise"", ""attribution"": 0.07197008281946182, ""normalised_attribution"": 0.017137158662080765}, {""token_position"": 176, ""token"": ""secondary"", ""attribution"": 0.06315205991268158, ""normalised_attribution"": 0.015037454664707184}, {""token_position"": 249, ""token"": "":"", ""attribution"": 0.05597267672419548, ""normalised_attribution"": 0.013327935710549355}, {""token_position"": 198, ""token"": ""symptoms"", ""attribution"": 0.04404836520552635, ""normalised_attribution"": 0.010488578118383884}, {""token_position"": 248, ""token"": ""up"", ""attribution"": 0.04100469499826431, ""normalised_attribution"": 0.009763834066689014}, {""token_position"": 253, ""token"": ""follow"", ""attribution"": 0.04079399257898331, ""normalised_attribution"": 0.009713662788271904}, {""token_position"": 48, ""token"": "":"", ""attribution"": 0.03523532301187515, ""normalised_attribution"": 0.008390060625970364}, {""token_position"": 246, ""token"": ""follow"", ""attribution"": 0.03512910008430481, ""normalised_attribution"": 0.008364766836166382}, {""token_position"": 170, ""token"": ""anti"", ""attribution"": 0.0340726301074028, ""normalised_attribution"": 0.008113205432891846}, {""token_position"": 177, ""token"": ""-"", ""attribution"": 0.033756278455257416, ""normalised_attribution"": 0.008037877269089222}, {""token_position"": 179, ""token"": ""treatment"", ""attribution"": 0.03360265865921974, ""normalised_attribution"": 0.008001298643648624}, {""token_position"": 247, ""token"": ""-"", ""attribution"": 0.02639469876885414, ""normalised_attribution"": 0.00628497451543808}, {""token_position"": 255, ""token"": ""up"", ""attribution"": 0.02495073527097702, ""normalised_attribution"": 0.005941145122051239}, {""token_position"": 196, ""token"": ""completed"", ""attribution"": 0.024754326790571213, ""normalised_attribution"": 0.005894377361983061}, {""token_position"": 121, ""token"": ""."", ""attribution"": 0.02347419410943985, ""normalised_attribution"": 0.005589558742940426}, {""token_position"": 207, ""token"": ""stable"", ""attribution"": 0.023323044180870056, ""normalised_attribution"": 0.005553567316383123}]"
26,141,7e61504c-c1fb-5a3e-9c69-f11f5ca0f9d3,40,Z86,40,Z86,0.6939893364906311,0.9999999980931462,276,274,231,24,50,-0.022792339324951172,"[{""token_position"": 251, ""token"": ""prevention"", ""attribution"": 0.8372170925140381, ""normalised_attribution"": 0.172347754240036}, {""token_position"": 191, ""token"": ""prevention"", ""attribution"": 0.2107539176940918, ""normalised_attribution"": 0.04338535666465759}, {""token_position"": 252, ""token"": ""review"", ""attribution"": 0.17919892072677612, ""normalised_attribution"": 0.036889512091875076}, {""token_position"": 250, ""token"": ""stroke"", ""attribution"": 0.1768796443939209, ""normalised_attribution"": 0.0364120714366436}, {""token_position"": 181, ""token"": ""prevention"", ""attribution"": 0.08344677090644836, ""normalised_attribution"": 0.01717817597091198}, {""token_position"": 103, ""token"": ""##zzi"", ""attribution"": 0.08204331248998642, ""normalised_attribution"": 0.016889262944459915}, {""token_position"": 52, ""token"": ""medicine"", ""attribution"": 0.06826335936784744, ""normalised_attribution"": 0.014052551239728928}, {""token_position"": 51, ""token"": ""stroke"", ""attribution"": 0.06668944656848907, ""normalised_attribution"": 0.013728548772633076}, {""token_position"": 193, ""token"": ""were"", ""attribution"": 0.05886276066303253, ""normalised_attribution"": 0.012117364443838596}, {""token_position"": 205, ""token"": ""##bro"", ""attribution"": 0.058466218411922455, ""normalised_attribution"": 0.012035733088850975}, {""token_position"": 102, ""token"": ""di"", ""attribution"": 0.05825178325176239, ""normalised_attribution"": 0.011991589330136776}, {""token_position"": 142, ""token"": ""brain"", ""attribution"": 0.05732576921582222, ""normalised_attribution"": 0.011800962500274181}, {""token_position"": 183, ""token"": ""were"", ""attribution"": 0.053408410400152206, ""normalised_attribution"": 0.010994543321430683}, {""token_position"": 190, ""token"": ""-"", ""attribution"": 0.04834960401058197, ""normalised_attribution"": 0.009953147731721401}, {""token_position"": 89, ""token"": ""##zzi"", ""attribution"": 0.04813986271619797, ""normalised_attribution"": 0.009909970685839653}, {""token_position"": 249, ""token"": "":"", ""attribution"": 0.047923743724823, ""normalised_attribution"": 0.009865481406450272}, {""token_position"": 109, ""token"": ""weakness"", ""attribution"": 0.04692781716585159, ""normalised_attribution"": 0.00966046191751957}, {""token_position"": 192, ""token"": ""review"", ""attribution"": 0.04575455188751221, ""normalised_attribution"": 0.009418935514986515}, {""token_position"": 189, ""token"": ""secondary"", ""attribution"": 0.04235096275806427, ""normalised_attribution"": 0.008718280121684074}, {""token_position"": 184, ""token"": ""confirmed"", ""attribution"": 0.04175294563174248, ""normalised_attribution"": 0.008595173247158527}, {""token_position"": 204, ""token"": ""##ere"", ""attribution"": 0.039542123675346375, ""normalised_attribution"": 0.008140058256685734}, {""token_position"": 104, ""token"": ""##ness"", ""attribution"": 0.03939609229564667, ""normalised_attribution"": 0.008109997026622295}, {""token_position"": 194, ""token"": ""completed"", ""attribution"": 0.037765294313430786, ""normalised_attribution"": 0.0077742841094732285}, {""token_position"": 247, ""token"": ""-"", ""attribution"": 0.03679177165031433, ""normalised_attribution"": 0.007573876529932022}]"
27,276,14a747a7-2d70-5a6e-a85d-45e26ca07bc6,18,I50,18,I50,0.1860233098268509,0.9969934659872646,287,285,244,25,50,0.014645099639892578,"[{""token_position"": 261, ""token"": ""heart"", ""attribution"": 0.1777479499578476, ""normalised_attribution"": 0.05777961015701294}, {""token_position"": 50, ""token"": ""card"", ""attribution"": 0.09630627185106277, ""normalised_attribution"": 0.03130578249692917}, {""token_position"": 263, ""token"": ""failure"", ""attribution"": 0.08372745662927628, ""normalised_attribution"": 0.027216853573918343}, {""token_position"": 166, ""token"": ""heart"", ""attribution"": 0.06590033322572708, ""normalised_attribution"": 0.021421881392598152}, {""token_position"": 188, ""token"": ""heart"", ""attribution"": 0.05987205728888512, ""normalised_attribution"": 0.019462302327156067}, {""token_position"": 260, ""token"": "":"", ""attribution"": 0.05888905003666878, ""normalised_attribution"": 0.01914275996387005}, {""token_position"": 110, ""token"": ""exercise"", ""attribution"": 0.05060836672782898, ""normalised_attribution"": 0.016451001167297363}, {""token_position"": 127, ""token"": "";"", ""attribution"": 0.04637983441352844, ""normalised_attribution"": 0.015076453797519207}, {""token_position"": 167, ""token"": ""failure"", ""attribution"": 0.045652687549591064, ""normalised_attribution"": 0.014840084128081799}, {""token_position"": 190, ""token"": ""failure"", ""attribution"": 0.040984198451042175, ""normalised_attribution"": 0.01332252286374569}, {""token_position"": 52, ""token"": ""service"", ""attribution"": 0.03931274637579918, ""normalised_attribution"": 0.012779192067682743}, {""token_position"": 205, ""token"": ""was"", ""attribution"": 0.0379239059984684, ""normalised_attribution"": 0.012327728793025017}, {""token_position"": 126, ""token"": ""therapy"", ""attribution"": 0.03167729079723358, ""normalised_attribution"": 0.010297173634171486}, {""token_position"": 182, ""token"": ""##ures"", ""attribution"": 0.03007476218044758, ""normalised_attribution"": 0.009776248596608639}, {""token_position"": 51, ""token"": ""##iology"", ""attribution"": 0.029591750353574753, ""normalised_attribution"": 0.00961923785507679}, {""token_position"": 206, ""token"": ""completed"", ""attribution"": 0.027864176779985428, ""normalised_attribution"": 0.009057664312422276}, {""token_position"": 198, ""token"": ""##ora"", ""attribution"": 0.024753345176577568, ""normalised_attribution"": 0.00804644264280796}, {""token_position"": 160, ""token"": ""acute"", ""attribution"": 0.024225935339927673, ""normalised_attribution"": 0.00787500012665987}, {""token_position"": 204, ""token"": ""##graphy"", ""attribution"": 0.023360205814242363, ""normalised_attribution"": 0.007593581918627024}, {""token_position"": 259, ""token"": ""up"", ""attribution"": 0.023153387010097504, ""normalised_attribution"": 0.007526352535933256}, {""token_position"": 209, ""token"": ""##ness"", ""attribution"": 0.022986173629760742, ""normalised_attribution"": 0.007471997290849686}, {""token_position"": 201, ""token"": ""echo"", ""attribution"": 0.022494293749332428, ""normalised_attribution"": 0.007312104105949402}, {""token_position"": 49, ""token"": "":"", ""attribution"": 0.022486498579382896, ""normalised_attribution"": 0.0073095704428851604}, {""token_position"": 181, ""token"": ""di"", ""attribution"": 0.022280944511294365, ""normalised_attribution"": 0.007242751773446798}, {""token_position"": 262, ""token"": ""-"", ""attribution"": 0.022211112082004547, ""normalised_attribution"": 0.007220051717013121}]"
28,120,6f5bc515-055c-528a-b1ad-22e75d0e9a49,16,I25,16,I25,0.4742600917816162,0.9999991345535628,278,276,238,24,50,-0.018968582153320312,"[{""token_position"": 183, ""token"": ""prevention"", ""attribution"": 0.3075692653656006, ""normalised_attribution"": 0.07445704936981201}, {""token_position"": 211, ""token"": ""remained"", ""attribution"": 0.2842216491699219, ""normalised_attribution"": 0.06880500912666321}, {""token_position"": 253, ""token"": ""card"", ""attribution"": 0.2188342809677124, ""normalised_attribution"": 0.052975889295339584}, {""token_position"": 49, ""token"": ""card"", ""attribution"": 0.1751852184534073, ""normalised_attribution"": 0.042409226298332214}, {""token_position"": 50, ""token"": ""##iology"", ""attribution"": 0.17118476331233978, ""normalised_attribution"": 0.04144078865647316}, {""token_position"": 255, ""token"": ""clinic"", ""attribution"": 0.1555585265159607, ""normalised_attribution"": 0.037657953798770905}, {""token_position"": 51, ""token"": ""service"", ""attribution"": 0.13158325850963593, ""normalised_attribution"": 0.031853966414928436}, {""token_position"": 254, ""token"": ""##iology"", ""attribution"": 0.13002106547355652, ""normalised_attribution"": 0.03147578984498978}, {""token_position"": 256, ""token"": ""follow"", ""attribution"": 0.06020862236618996, ""normalised_attribution"": 0.01457543671131134}, {""token_position"": 127, ""token"": ""disease"", ""attribution"": 0.056197527796030045, ""normalised_attribution"": 0.013604422099888325}, {""token_position"": 182, ""token"": ""-"", ""attribution"": 0.055232152342796326, ""normalised_attribution"": 0.013370722532272339}, {""token_position"": 102, ""token"": ""exercise"", ""attribution"": 0.0526832640171051, ""normalised_attribution"": 0.012753681279718876}, {""token_position"": 181, ""token"": ""secondary"", ""attribution"": 0.04941362142562866, ""normalised_attribution"": 0.011962159536778927}, {""token_position"": 184, ""token"": ""treatment"", ""attribution"": 0.0482330359518528, ""normalised_attribution"": 0.011676360853016376}, {""token_position"": 251, ""token"": ""up"", ""attribution"": 0.036189258098602295, ""normalised_attribution"": 0.008760776370763779}, {""token_position"": 212, ""token"": ""stable"", ""attribution"": 0.03400968015193939, ""normalised_attribution"": 0.008233139291405678}, {""token_position"": 252, ""token"": "":"", ""attribution"": 0.03289784863591194, ""normalised_attribution"": 0.00796398427337408}, {""token_position"": 48, ""token"": "":"", ""attribution"": 0.02906176820397377, ""normalised_attribution"": 0.007035337388515472}, {""token_position"": 249, ""token"": ""follow"", ""attribution"": 0.02888532727956772, ""normalised_attribution"": 0.006992624141275883}, {""token_position"": 201, ""token"": ""completed"", ""attribution"": 0.02854156121611595, ""normalised_attribution"": 0.006909404415637255}, {""token_position"": 203, ""token"": ""symptoms"", ""attribution"": 0.027300164103507996, ""normalised_attribution"": 0.0066088843159377575}, {""token_position"": 187, ""token"": ""##ti"", ""attribution"": 0.02621258795261383, ""normalised_attribution"": 0.006345601752400398}, {""token_position"": 178, ""token"": ""##gin"", ""attribution"": 0.02483295649290085, ""normalised_attribution"": 0.006011617369949818}, {""token_position"": 169, ""token"": ""treatment"", ""attribution"": 0.02428230084478855, ""normalised_attribution"": 0.005878313444554806}]"
29,359,141125e4-1208-5271-9cfb-7498af1c718c,8,E11,8,E11,0.5320369601249695,0.9999998957108989,281,279,261,27,50,0.0008745193481445312,"[{""token_position"": 258, ""token"": ""diabetes"", ""attribution"": 0.12411421537399292, ""normalised_attribution"": 0.039018552750349045}, {""token_position"": 203, ""token"": ""monitoring"", ""attribution"": 0.05401679128408432, ""normalised_attribution"": 0.016981592401862144}, {""token_position"": 162, ""token"": ""diabetes"", ""attribution"": 0.05307937413454056, ""normalised_attribution"": 0.01668689027428627}, {""token_position"": 50, ""token"": ""service"", ""attribution"": 0.04572167992591858, ""normalised_attribution"": 0.014373806305229664}, {""token_position"": 205, ""token"": ""completed"", ""attribution"": 0.04537748917937279, ""normalised_attribution"": 0.014265600591897964}, {""token_position"": 207, ""token"": ""glucose"", ""attribution"": 0.044776320457458496, ""normalised_attribution"": 0.01407660823315382}, {""token_position"": 200, ""token"": ""##illa"", ""attribution"": 0.0444946326315403, ""normalised_attribution"": 0.013988051563501358}, {""token_position"": 262, ""token"": ""."", ""attribution"": 0.04129086434841156, ""normalised_attribution"": 0.012980863451957703}, {""token_position"": 260, ""token"": ""team"", ""attribution"": 0.04113715887069702, ""normalised_attribution"": 0.012932542711496353}, {""token_position"": 49, ""token"": ""diabetes"", ""attribution"": 0.036481089890003204, ""normalised_attribution"": 0.011468784883618355}, {""token_position"": 193, ""token"": ""diabetes"", ""attribution"": 0.03556697070598602, ""normalised_attribution"": 0.011181407608091831}, {""token_position"": 194, ""token"": ""education"", ""attribution"": 0.0353856161236763, ""normalised_attribution"": 0.01112439390271902}, {""token_position"": 209, ""token"": ""improved"", ""attribution"": 0.034431807696819305, ""normalised_attribution"": 0.010824539698660374}, {""token_position"": 204, ""token"": ""was"", ""attribution"": 0.03285839036107063, ""normalised_attribution"": 0.010329894721508026}, {""token_position"": 196, ""token"": ""provided"", ""attribution"": 0.032023556530475616, ""normalised_attribution"": 0.010067443363368511}, {""token_position"": 254, ""token"": ""-"", ""attribution"": 0.031243296340107918, ""normalised_attribution"": 0.009822147898375988}, {""token_position"": 126, ""token"": ""."", ""attribution"": 0.030885394662618637, ""normalised_attribution"": 0.009709632024168968}, {""token_position"": 253, ""token"": ""follow"", ""attribution"": 0.030832285061478615, ""normalised_attribution"": 0.009692935273051262}, {""token_position"": 95, ""token"": ""reported"", ""attribution"": 0.030621349811553955, ""normalised_attribution"": 0.009626622311770916}, {""token_position"": 202, ""token"": ""glucose"", ""attribution"": 0.030195284634828568, ""normalised_attribution"": 0.009492677636444569}, {""token_position"": 191, ""token"": ""monitoring"", ""attribution"": 0.029384104534983635, ""normalised_attribution"": 0.009237661957740784}, {""token_position"": 206, ""token"": ""."", ""attribution"": 0.0288705974817276, ""normalised_attribution"": 0.009076227433979511}, {""token_position"": 268, ""token"": ""seek"", ""attribution"": 0.02827548235654831, ""normalised_attribution"": 0.008889137767255306}, {""token_position"": 255, ""token"": ""up"", ""attribution"": 0.027135830372571945, ""normalised_attribution"": 0.008530857972800732}, {""token_position"": 190, ""token"": ""glucose"", ""attribution"": 0.026635359972715378, ""normalised_attribution"": 0.008373522199690342}, {""token_position"": 265, ""token"": ""was"", ""attribution"": 0.026586443185806274, ""normalised_attribution"": 0.008358144201338291}, {""token_position"": 279, ""token"": ""."", ""attribution"": 0.02591061219573021, ""normalised_attribution"": 0.008145678788423538}]"
30,367,57414f77-3c30-54fb-ac01-ffca3cc02a3f,41,Z87,41,Z87,0.24491411447525024,0.9998511541113061,264,262,209,21,50,-0.0023708343505859375,"[{""token_position"": 240, ""token"": ""respiratory"", ""attribution"": 0.2748372554779053, ""normalised_attribution"": 0.06269839406013489}, {""token_position"": 193, ""token"": ""remained"", ""attribution"": 0.24982903897762299, ""normalised_attribution"": 0.05699329078197479}, {""token_position"": 50, ""token"": ""respiratory"", ""attribution"": 0.15486839413642883, ""normalised_attribution"": 0.035329997539520264}, {""token_position"": 241, ""token"": ""clinic"", ""attribution"": 0.13914592564105988, ""normalised_attribution"": 0.03174324333667755}, {""token_position"": 160, ""token"": ""respiratory"", ""attribution"": 0.1378239393234253, ""normalised_attribution"": 0.03144166246056557}, {""token_position"": 173, ""token"": ""respiratory"", ""attribution"": 0.09902776777744293, ""normalised_attribution"": 0.0225911233574152}, {""token_position"": 52, ""token"": ""service"", ""attribution"": 0.09102070331573486, ""normalised_attribution"": 0.02076447755098343}, {""token_position"": 51, ""token"": ""medicine"", ""attribution"": 0.07265733927488327, ""normalised_attribution"": 0.01657525822520256}, {""token_position"": 184, ""token"": ""##hale"", ""attribution"": 0.07216554880142212, ""normalised_attribution"": 0.01646306738257408}, {""token_position"": 194, ""token"": ""stable"", ""attribution"": 0.04629962891340256, ""normalised_attribution"": 0.010562296025454998}, {""token_position"": 93, ""token"": ""respiratory"", ""attribution"": 0.044164858758449554, ""normalised_attribution"": 0.01007529255002737}, {""token_position"": 174, ""token"": ""history"", ""attribution"": 0.04410867765545845, ""normalised_attribution"": 0.010062475688755512}, {""token_position"": 204, ""token"": ""##hale"", ""attribution"": 0.04400428757071495, ""normalised_attribution"": 0.010038661770522594}, {""token_position"": 176, ""token"": ""self"", ""attribution"": 0.04323491081595421, ""normalised_attribution"": 0.009863144718110561}, {""token_position"": 236, ""token"": ""follow"", ""attribution"": 0.04112707078456879, ""normalised_attribution"": 0.009382284246385098}, {""token_position"": 161, ""token"": ""disease"", ""attribution"": 0.03813590109348297, ""normalised_attribution"": 0.008699911646544933}, {""token_position"": 187, ""token"": ""assessment"", ""attribution"": 0.037923283874988556, ""normalised_attribution"": 0.008651407435536385}, {""token_position"": 185, ""token"": ""##r"", ""attribution"": 0.03753260523080826, ""normalised_attribution"": 0.008562281727790833}, {""token_position"": 181, ""token"": ""reviewed"", ""attribution"": 0.03641161322593689, ""normalised_attribution"": 0.008306550793349743}, {""token_position"": 191, ""token"": ""respiratory"", ""attribution"": 0.03593723475933075, ""normalised_attribution"": 0.008198331110179424}, {""token_position"": 208, ""token"": ""in"", ""attribution"": 0.035019662231206894, ""normalised_attribution"": 0.007989006116986275}]"
31,329,83a6cadc-0979-505a-8c8a-8ac7a43a2237,48,Z96,41,Z87,0.052932437509298325,0.3094848621221531,281,279,204,21,50,-0.002938508987426758,"[{""token_position"": 53, ""token"": ""##dic"", ""attribution"": 0.13458313047885895, ""normalised_attribution"": 0.04110206291079521}, {""token_position"": 54, ""token"": ""##s"", ""attribution"": 0.0769295021891594, ""normalised_attribution"": 0.023494485765695572}, {""token_position"": 250, ""token"": ""##th"", ""attribution"": 0.07241013646125793, ""normalised_attribution"": 0.022114258259534836}, {""token_position"": 52, ""token"": ""##ae"", ""attribution"": 0.05025087296962738, ""normalised_attribution"": 0.015346757136285305}, {""token_position"": 138, ""token"": ""pro"", ""attribution"": 0.044654473662376404, ""normalised_attribution"": 0.013637601397931576}, {""token_position"": 156, ""token"": ""hip"", ""attribution"": 0.042720623314380646, ""normalised_attribution"": 0.013046997599303722}, {""token_position"": 127, ""token"": ""findings"", ""attribution"": 0.04115835577249527, ""normalised_attribution"": 0.012569877319037914}, {""token_position"": 157, ""token"": ""joint"", ""attribution"": 0.03746598958969116, ""normalised_attribution"": 0.011442217975854874}, {""token_position"": 50, ""token"": ""##th"", ""attribution"": 0.034500669687986374, ""normalised_attribution"": 0.010536600835621357}, {""token_position"": 99, ""token"": ""hip"", ""attribution"": 0.03423992544412613, ""normalised_attribution"": 0.010456969030201435}, {""token_position"": 244, ""token"": ""."", ""attribution"": 0.0335431806743145, ""normalised_attribution"": 0.010244181379675865}, {""token_position"": 158, ""token"": ""pro"", ""attribution"": 0.03251414746046066, ""normalised_attribution"": 0.009929911233484745}, {""token_position"": 191, ""token"": ""##dic"", ""attribution"": 0.031786561012268066, ""normalised_attribution"": 0.009707705117762089}, {""token_position"": 163, ""token"": "","", ""attribution"": 0.03130057826638222, ""normalised_attribution"": 0.009559283964335918}, {""token_position"": 49, ""token"": ""or"", ""attribution"": 0.030906036496162415, ""normalised_attribution"": 0.009438790380954742}, {""token_position"": 263, ""token"": ""the"", ""attribution"": 0.030736751854419708, ""normalised_attribution"": 0.009387089870870113}, {""token_position"": 192, ""token"": ""pro"", ""attribution"": 0.029658470302820206, ""normalised_attribution"": 0.009057779796421528}, {""token_position"": 276, ""token"": ""or"", ""attribution"": 0.02900826558470726, ""normalised_attribution"": 0.008859205059707165}, {""token_position"": 270, ""token"": ""clinical"", ""attribution"": 0.028854496777057648, ""normalised_attribution"": 0.008812244050204754}, {""token_position"": 161, ""token"": ""."", ""attribution"": 0.02822992578148842, ""normalised_attribution"": 0.008621498011052608}, {""token_position"": 88, ""token"": ""hip"", ""attribution"": 0.028187885880470276, ""normalised_attribution"": 0.00860865879803896}]"
32,211,0163c2ad-ff04-57c6-b347-5bbc492e427b,20,J44,20,J44,0.1464509516954422,0.9977040812023448,292,290,258,26,50,-0.002629518508911133,"[{""token_position"": 268, ""token"": ""##ess"", ""attribution"": 0.1010093241930008, ""normalised_attribution"": 0.04072815179824829}, {""token_position"": 269, ""token"": ""##ation"", ""attribution"": 0.08696655929088593, ""normalised_attribution"": 0.035065945237874985}, {""token_position"": 263, ""token"": ""respiratory"", ""attribution"": 0.06577242910861969, ""normalised_attribution"": 0.026520220562815666}, {""token_position"": 49, ""token"": ""respiratory"", ""attribution"": 0.046890705823898315, ""normalised_attribution"": 0.018906885758042336}, {""token_position"": 166, ""token"": ""pulmonary"", ""attribution"": 0.03843943029642105, ""normalised_attribution"": 0.015499232336878777}, {""token_position"": 267, ""token"": ""c"", ""attribution"": 0.03815344721078873, ""normalised_attribution"": 0.015383920632302761}, {""token_position"": 207, ""token"": ""were"", ""attribution"": 0.03808389604091644, ""normalised_attribution"": 0.01535587664693594}, {""token_position"": 196, ""token"": ""oxygen"", ""attribution"": 0.03752573952078819, ""normalised_attribution"": 0.015130821615457535}, {""token_position"": 208, ""token"": ""administered"", ""attribution"": 0.03427717089653015, ""normalised_attribution"": 0.013820960186421871}, {""token_position"": 266, ""token"": ""-"", ""attribution"": 0.033129770308732986, ""normalised_attribution"": 0.013358314521610737}, {""token_position"": 193, ""token"": ""provided"", ""attribution"": 0.03127875551581383, ""normalised_attribution"": 0.012611963786184788}, {""token_position"": 262, ""token"": "":"", ""attribution"": 0.02795064076781273, ""normalised_attribution"": 0.011270028539001942}, {""token_position"": 199, ""token"": ""##bul"", ""attribution"": 0.027909446507692337, ""normalised_attribution"": 0.011253418400883675}, {""token_position"": 126, ""token"": ""clinical"", ""attribution"": 0.026555253192782402, ""normalised_attribution"": 0.010707391425967216}, {""token_position"": 203, ""token"": ""##cho"", ""attribution"": 0.02640511281788349, ""normalised_attribution"": 0.010646853595972061}, {""token_position"": 179, ""token"": ""##cho"", ""attribution"": 0.023273691534996033, ""normalised_attribution"": 0.009384226985275745}, {""token_position"": 192, ""token"": ""were"", ""attribution"": 0.023076146841049194, ""normalised_attribution"": 0.009304574690759182}, {""token_position"": 251, ""token"": ""discharged"", ""attribution"": 0.021760957315564156, ""normalised_attribution"": 0.008774274960160255}, {""token_position"": 205, ""token"": ""##lator"", ""attribution"": 0.021592721343040466, ""normalised_attribution"": 0.008706440217792988}, {""token_position"": 127, ""token"": ""findings"", ""attribution"": 0.02105238288640976, ""normalised_attribution"": 0.008488569408655167}, {""token_position"": 264, ""token"": ""and"", ""attribution"": 0.02098139002919197, ""normalised_attribution"": 0.008459944278001785}, {""token_position"": 167, ""token"": ""disease"", ""attribution"": 0.018894080072641373, ""normalised_attribution"": 0.007618316449224949}, {""token_position"": 273, ""token"": ""."", ""attribution"": 0.018519937992095947, ""normalised_attribution"": 0.0074674575589597225}, {""token_position"": 52, ""token"": ""admission"", ""attribution"": 0.01845846138894558, ""normalised_attribution"": 0.007442669477313757}, {""token_position"": 204, ""token"": ""##di"", ""attribution"": 0.01839827373623848, ""normalised_attribution"": 0.007418401073664427}, {""token_position"": 139, ""token"": ""consolidation"", ""attribution"": 0.018341615796089172, ""normalised_attribution"": 0.007395556196570396}]"
33,257,b4dae591-3348-556f-b4f5-4e05c76b1394,6,D64,6,D64,0.20663243532180786,0.999761024585436,271,269,236,24,50,0.00027441978454589844,"[{""token_position"": 246, ""token"": ""blood"", ""attribution"": 0.19875076413154602, ""normalised_attribution"": 0.06466544419527054}, {""token_position"": 247, ""token"": ""count"", ""attribution"": 0.18642613291740417, ""normalised_attribution"": 0.06065550819039345}, {""token_position"": 99, ""token"": ""exercise"", ""attribution"": 0.08276250213384628, ""normalised_attribution"": 0.026927564293146133}, {""token_position"": 245, ""token"": ""full"", ""attribution"": 0.06439810991287231, ""normalised_attribution"": 0.020952535793185234}, {""token_position"": 192, ""token"": ""monitoring"", ""attribution"": 0.06089915335178375, ""normalised_attribution"": 0.01981411688029766}, {""token_position"": 191, ""token"": ""count"", ""attribution"": 0.05952301248908043, ""normalised_attribution"": 0.019366376101970673}, {""token_position"": 201, ""token"": ""remained"", ""attribution"": 0.05285246670246124, ""normalised_attribution"": 0.017196049913764}, {""token_position"": 243, ""token"": "":"", ""attribution"": 0.04717842489480972, ""normalised_attribution"": 0.015349947847425938}, {""token_position"": 244, ""token"": ""repeat"", ""attribution"": 0.042771730571985245, ""normalised_attribution"": 0.013916187919676304}, {""token_position"": 189, ""token"": ""blood"", ""attribution"": 0.042458146810531616, ""normalised_attribution"": 0.013814160600304604}, {""token_position"": 131, ""token"": ""blood"", ""attribution"": 0.037218473851680756, ""normalised_attribution"": 0.012109383009374142}, {""token_position"": 96, ""token"": ""fatigue"", ""attribution"": 0.036059267818927765, ""normalised_attribution"": 0.011732224375009537}, {""token_position"": 190, ""token"": ""-"", ""attribution"": 0.03505190461874008, ""normalised_attribution"": 0.011404469609260559}, {""token_position"": 145, ""token"": ""blood"", ""attribution"": 0.03237653151154518, ""normalised_attribution"": 0.010534011758863926}, {""token_position"": 204, ""token"": ""symptoms"", ""attribution"": 0.031089559197425842, ""normalised_attribution"": 0.010115282610058784}, {""token_position"": 180, ""token"": ""reviewed"", ""attribution"": 0.03034071810543537, ""normalised_attribution"": 0.009871640242636204}, {""token_position"": 193, ""token"": ""was"", ""attribution"": 0.028673699125647545, ""normalised_attribution"": 0.009329259395599365}, {""token_position"": 132, ""token"": ""count"", ""attribution"": 0.02719886600971222, ""normalised_attribution"": 0.008849408477544785}, {""token_position"": 146, ""token"": ""loss"", ""attribution"": 0.026364829391241074, ""normalised_attribution"": 0.008578047156333923}, {""token_position"": 248, ""token"": ""with"", ""attribution"": 0.026096368208527565, ""normalised_attribution"": 0.008490700274705887}, {""token_position"": 188, ""token"": ""for"", ""attribution"": 0.025080304592847824, ""normalised_attribution"": 0.008160114288330078}, {""token_position"": 255, ""token"": ""was"", ""attribution"": 0.023425817489624023, ""normalised_attribution"": 0.007621811702847481}, {""token_position"": 196, ""token"": ""ha"", ""attribution"": 0.023124195635318756, ""normalised_attribution"": 0.007523676380515099}, {""token_position"": 55, ""token"": ""j"", ""attribution"": 0.02201629802584648, ""normalised_attribution"": 0.007163211237639189}]"
34,107,61a9d69d-7d04-5c3d-b389-fd8683f9305a,28,N17,28,N17,0.11332913488149643,0.5753488320082788,278,276,214,22,50,-0.004954934120178223,"[{""token_position"": 254, ""token"": ""##nal"", ""attribution"": 0.13650692999362946, ""normalised_attribution"": 0.06903190910816193}, {""token_position"": 253, ""token"": ""re"", ""attribution"": 0.09472908079624176, ""normalised_attribution"": 0.047904741019010544}, {""token_position"": 252, ""token"": ""repeat"", ""attribution"": 0.05018175393342972, ""normalised_attribution"": 0.025377042591571808}, {""token_position"": 251, ""token"": "":"", ""attribution"": 0.049793750047683716, ""normalised_attribution"": 0.02518082782626152}, {""token_position"": 94, ""token"": ""reported"", ""attribution"": 0.03928922861814499, ""normalised_attribution"": 0.01986866444349289}, {""token_position"": 206, ""token"": ""##nal"", ""attribution"": 0.03802509605884552, ""normalised_attribution"": 0.01922938972711563}, {""token_position"": 197, ""token"": ""excluded"", ""attribution"": 0.03379647806286812, ""normalised_attribution"": 0.017090966925024986}, {""token_position"": 134, ""token"": ""##nal"", ""attribution"": 0.031749434769153595, ""normalised_attribution"": 0.016055770218372345}, {""token_position"": 172, ""token"": ""careful"", ""attribution"": 0.03161472827196121, ""normalised_attribution"": 0.01598764955997467}, {""token_position"": 194, ""token"": ""##nal"", ""attribution"": 0.029729314148426056, ""normalised_attribution"": 0.015034190379083157}, {""token_position"": 48, ""token"": ""##ph"", ""attribution"": 0.028630513697862625, ""normalised_attribution"": 0.014478524215519428}, {""token_position"": 207, ""token"": ""function"", ""attribution"": 0.025499578565359116, ""normalised_attribution"": 0.01289520226418972}, {""token_position"": 51, ""token"": ""service"", ""attribution"": 0.02523426152765751, ""normalised_attribution"": 0.012761031277477741}, {""token_position"": 49, ""token"": ""##rol"", ""attribution"": 0.022214632481336594, ""normalised_attribution"": 0.011233996599912643}, {""token_position"": 195, ""token"": ""ultra"", ""attribution"": 0.022032855078577995, ""normalised_attribution"": 0.011142071336507797}, {""token_position"": 133, ""token"": ""re"", ""attribution"": 0.02075977623462677, ""normalised_attribution"": 0.010498272255063057}, {""token_position"": 53, ""token"": "":"", ""attribution"": 0.018966207280755043, ""normalised_attribution"": 0.009591259993612766}, {""token_position"": 257, ""token"": ""1"", ""attribution"": 0.01894291490316391, ""normalised_attribution"": 0.00957948062568903}, {""token_position"": 186, ""token"": ""medicines"", ""attribution"": 0.018400609493255615, ""normalised_attribution"": 0.009305235929787159}, {""token_position"": 276, ""token"": ""."", ""attribution"": 0.01788095384836197, ""normalised_attribution"": 0.00904244463890791}, {""token_position"": 196, ""token"": ""##sound"", ""attribution"": 0.017756327986717224, ""normalised_attribution"": 0.008979421108961105}, {""token_position"": 275, ""token"": ""concerns"", ""attribution"": 0.017354434356093407, ""normalised_attribution"": 0.008776182308793068}]"
35,328,10292372-763d-5b50-99c3-8354b775346a,13,F17,13,F17,0.33824944496154785,0.9999909160872973,266,264,228,23,50,0.00031638145446777344,"[{""token_position"": 242, ""token"": ""smoking"", ""attribution"": 0.1339493840932846, ""normalised_attribution"": 0.040221866220235825}, {""token_position"": 107, ""token"": ""exercise"", ""attribution"": 0.09967853128910065, ""normalised_attribution"": 0.02993113175034523}, {""token_position"": 179, ""token"": ""smoking"", ""attribution"": 0.08304724097251892, ""normalised_attribution"": 0.024937143549323082}, {""token_position"": 196, ""token"": ""##ation"", ""attribution"": 0.07680733501911163, ""normalised_attribution"": 0.023063447326421738}, {""token_position"": 173, ""token"": ""quit"", ""attribution"": 0.07009971141815186, ""normalised_attribution"": 0.02104930393397808}, {""token_position"": 201, ""token"": ""ni"", ""attribution"": 0.06512129306793213, ""normalised_attribution"": 0.01955440081655979}, {""token_position"": 183, ""token"": ""##ation"", ""attribution"": 0.06096478924155235, ""normalised_attribution"": 0.018306300044059753}, {""token_position"": 195, ""token"": ""##ess"", ""attribution"": 0.0576135590672493, ""normalised_attribution"": 0.01730000413954258}, {""token_position"": 182, ""token"": ""##ess"", ""attribution"": 0.055763669312000275, ""normalised_attribution"": 0.016744526103138924}, {""token_position"": 48, ""token"": ""respiratory"", ""attribution"": 0.055019691586494446, ""normalised_attribution"": 0.01652112603187561}, {""token_position"": 190, ""token"": ""engaged"", ""attribution"": 0.05015745013952255, ""normalised_attribution"": 0.015061109326779842}, {""token_position"": 150, ""token"": ""tobacco"", ""attribution"": 0.048989929258823395, ""normalised_attribution"": 0.014710529707372189}, {""token_position"": 100, ""token"": ""tobacco"", ""attribution"": 0.04775198549032211, ""normalised_attribution"": 0.01433880440890789}, {""token_position"": 243, ""token"": ""service"", ""attribution"": 0.04731692001223564, ""normalised_attribution"": 0.014208164997398853}, {""token_position"": 89, ""token"": ""smoking"", ""attribution"": 0.04580292850732803, ""normalised_attribution"": 0.013753548264503479}, {""token_position"": 241, ""token"": ""-"", ""attribution"": 0.042505573481321335, ""normalised_attribution"": 0.012763429433107376}, {""token_position"": 169, ""token"": ""intervention"", ""attribution"": 0.041060108691453934, ""normalised_attribution"": 0.01232939027249813}, {""token_position"": 204, ""token"": ""replacement"", ""attribution"": 0.03832964226603508, ""normalised_attribution"": 0.011509494855999947}, {""token_position"": 203, ""token"": ""##ine"", ""attribution"": 0.038060512393713, ""normalised_attribution"": 0.011428682133555412}, {""token_position"": 155, ""token"": ""##ine"", ""attribution"": 0.03800125792622566, ""normalised_attribution"": 0.011410889215767384}, {""token_position"": 98, ""token"": ""were"", ""attribution"": 0.032969117164611816, ""normalised_attribution"": 0.00989985466003418}, {""token_position"": 186, ""token"": ""undertaken"", ""attribution"": 0.03166423738002777, ""normalised_attribution"": 0.009508030489087105}, {""token_position"": 153, ""token"": ""ni"", ""attribution"": 0.03164022043347359, ""normalised_attribution"": 0.009500818327069283}]"
36,255,21f365dd-db2a-5e4a-ba30-a18a5996413e,36,Z38,36,Z38,0.13973300158977509,0.9965565598658216,257,255,213,22,50,0.0004030466079711914,"[{""token_position"": 182, ""token"": ""remained"", ""attribution"": 0.14104779064655304, ""normalised_attribution"": 0.06305409967899323}, {""token_position"": 167, ""token"": ""support"", ""attribution"": 0.08174626529216766, ""normalised_attribution"": 0.03654390573501587}, {""token_position"": 166, ""token"": ""feeding"", ""attribution"": 0.0665016919374466, ""normalised_attribution"": 0.029728960245847702}, {""token_position"": 181, ""token"": ""infant"", ""attribution"": 0.06139935553073883, ""normalised_attribution"": 0.027448007836937904}, {""token_position"": 150, ""token"": ""infant"", ""attribution"": 0.0475006178021431, ""normalised_attribution"": 0.021234707906842232}, {""token_position"": 130, ""token"": ""newborn"", ""attribution"": 0.041674766689538956, ""normalised_attribution"": 0.018630314618349075}, {""token_position"": 187, ""token"": ""fed"", ""attribution"": 0.03586682677268982, ""normalised_attribution"": 0.016033930703997612}, {""token_position"": 100, ""token"": ""colour"", ""attribution"": 0.031791456043720245, ""normalised_attribution"": 0.014212073758244514}, {""token_position"": 183, ""token"": ""clinical"", ""attribution"": 0.02613338641822338, ""normalised_attribution"": 0.011682686395943165}, {""token_position"": 136, ""token"": ""##xi"", ""attribution"": 0.025422675535082817, ""normalised_attribution"": 0.011364969424903393}, {""token_position"": 188, ""token"": ""successfully"", ""attribution"": 0.02504565753042698, ""normalised_attribution"": 0.011196427047252655}, {""token_position"": 164, ""token"": ""care"", ""attribution"": 0.023195896297693253, ""normalised_attribution"": 0.010369508527219296}, {""token_position"": 234, ""token"": ""screening"", ""attribution"": 0.02290734462440014, ""normalised_attribution"": 0.010240514762699604}, {""token_position"": 151, ""token"": ""delivered"", ""attribution"": 0.022892137989401817, ""normalised_attribution"": 0.010233716107904911}, {""token_position"": 245, ""token"": ""urgent"", ""attribution"": 0.02016260102391243, ""normalised_attribution"": 0.009013502858579159}, {""token_position"": 148, ""token"": ""live"", ""attribution"": 0.020087769255042076, ""normalised_attribution"": 0.00898004975169897}, {""token_position"": 149, ""token"": ""##born"", ""attribution"": 0.019819457083940506, ""normalised_attribution"": 0.008860102854669094}, {""token_position"": 157, ""token"": ""treatment"", ""attribution"": 0.01969081163406372, ""normalised_attribution"": 0.008802593685686588}, {""token_position"": 176, ""token"": ""screening"", ""attribution"": 0.019620992243289948, ""normalised_attribution"": 0.008771381340920925}, {""token_position"": 199, ""token"": ""plan"", ""attribution"": 0.01842445693910122, ""normalised_attribution"": 0.008236481808125973}, {""token_position"": 47, ""token"": ""##ato"", ""attribution"": 0.018124710768461227, ""normalised_attribution"": 0.008102483116090298}, {""token_position"": 133, ""token"": ""pulse"", ""attribution"": 0.017999466508626938, ""normalised_attribution"": 0.00804649293422699}]"
37,254,b436ae76-55e9-5637-83c5-3d4d144379df,26,K59,26,K59,0.1158519983291626,0.9778663567390098,273,271,215,22,50,0.002215862274169922,"[{""token_position"": 155, ""token"": ""##ip"", ""attribution"": 0.25077855587005615, ""normalised_attribution"": 0.08416731655597687}, {""token_position"": 154, ""token"": ""##st"", ""attribution"": 0.12930545210838318, ""normalised_attribution"": 0.04339802265167236}, {""token_position"": 248, ""token"": ""##st"", ""attribution"": 0.12316194176673889, ""normalised_attribution"": 0.04133611172437668}, {""token_position"": 153, ""token"": ""con"", ""attribution"": 0.12141057103872299, ""normalised_attribution"": 0.04074830934405327}, {""token_position"": 134, ""token"": ""abdominal"", ""attribution"": 0.10691729933023453, ""normalised_attribution"": 0.03588401898741722}, {""token_position"": 249, ""token"": ""##ip"", ""attribution"": 0.06047960743308067, ""normalised_attribution"": 0.020298412069678307}, {""token_position"": 247, ""token"": ""con"", ""attribution"": 0.05717109143733978, ""normalised_attribution"": 0.019187994301319122}, {""token_position"": 250, ""token"": ""##ation"", ""attribution"": 0.050246573984622955, ""normalised_attribution"": 0.016863958910107613}, {""token_position"": 246, ""token"": ""if"", ""attribution"": 0.04311942309141159, ""normalised_attribution"": 0.014471916481852531}, {""token_position"": 104, ""token"": ""abdominal"", ""attribution"": 0.04097018390893936, ""normalised_attribution"": 0.013750579208135605}, {""token_position"": 242, ""token"": "":"", ""attribution"": 0.04093790054321289, ""normalised_attribution"": 0.013739744201302528}, {""token_position"": 156, ""token"": ""##ation"", ""attribution"": 0.034367021173238754, ""normalised_attribution"": 0.011534399352967739}, {""token_position"": 244, ""token"": ""##p"", ""attribution"": 0.033499423414468765, ""normalised_attribution"": 0.011243212968111038}, {""token_position"": 135, ""token"": ""examination"", ""attribution"": 0.031400974839925766, ""normalised_attribution"": 0.010538922622799873}, {""token_position"": 243, ""token"": ""g"", ""attribution"": 0.029027823358774185, ""normalised_attribution"": 0.00974243599921465}, {""token_position"": 86, ""token"": ""abdominal"", ""attribution"": 0.026268381625413895, ""normalised_attribution"": 0.008816300891339779}, {""token_position"": 53, ""token"": ""admission"", ""attribution"": 0.026145663112401962, ""normalised_attribution"": 0.008775114081799984}, {""token_position"": 133, ""token"": ""showed"", ""attribution"": 0.022596284747123718, ""normalised_attribution"": 0.007583857048302889}, {""token_position"": 161, ""token"": ""loading"", ""attribution"": 0.02201196365058422, ""normalised_attribution"": 0.007387744728475809}, {""token_position"": 239, ""token"": ""follow"", ""attribution"": 0.02092420868575573, ""normalised_attribution"": 0.007022668141871691}, {""token_position"": 176, ""token"": ""##tives"", ""attribution"": 0.020253658294677734, ""normalised_attribution"": 0.006797614973038435}, {""token_position"": 114, ""token"": ""synthetic"", ""attribution"": 0.020015127956867218, ""normalised_attribution"": 0.0067175584845244884}]"
38,44,3c4cb29f-147b-5344-852a-534c45ec6aa5,13,F17,13,F17,0.3452572226524353,0.9999912494675074,259,257,219,22,50,-0.0012962818145751953,"[{""token_position"": 171, ""token"": ""smoking"", ""attribution"": 0.1172885149717331, ""normalised_attribution"": 0.034685760736465454}, {""token_position"": 235, ""token"": ""smoking"", ""attribution"": 0.08206712454557419, ""normalised_attribution"": 0.02426972985267639}, {""token_position"": 102, ""token"": ""exercise"", ""attribution"": 0.08086717873811722, ""normalised_attribution"": 0.023914869874715805}, {""token_position"": 50, ""token"": ""respiratory"", ""attribution"": 0.06103445589542389, ""normalised_attribution"": 0.018049733713269234}, {""token_position"": 175, ""token"": ""##ation"", ""attribution"": 0.059716902673244476, ""normalised_attribution"": 0.017660092562437057}, {""token_position"": 84, ""token"": ""smoking"", ""attribution"": 0.057194508612155914, ""normalised_attribution"": 0.01691414602100849}, {""token_position"": 174, ""token"": ""##ess"", ""attribution"": 0.05587456747889519, ""normalised_attribution"": 0.016523798927664757}, {""token_position"": 196, ""token"": ""replacement"", ""attribution"": 0.055765844881534576, ""normalised_attribution"": 0.016491645947098732}, {""token_position"": 127, ""token"": ""respiratory"", ""attribution"": 0.05502861738204956, ""normalised_attribution"": 0.016273625195026398}, {""token_position"": 187, ""token"": ""##ess"", ""attribution"": 0.05482766404747963, ""normalised_attribution"": 0.016214197501540184}, {""token_position"": 144, ""token"": ""tobacco"", ""attribution"": 0.053519267588853836, ""normalised_attribution"": 0.01582726463675499}, {""token_position"": 188, ""token"": ""##ation"", ""attribution"": 0.05342013016343117, ""normalised_attribution"": 0.015797946602106094}, {""token_position"": 193, ""token"": ""ni"", ""attribution"": 0.05267932265996933, ""normalised_attribution"": 0.015578867867588997}, {""token_position"": 165, ""token"": ""quit"", ""attribution"": 0.052513714879751205, ""normalised_attribution"": 0.015529893338680267}, {""token_position"": 234, ""token"": ""-"", ""attribution"": 0.046395789831876755, ""normalised_attribution"": 0.013720637187361717}, {""token_position"": 93, ""token"": ""were"", ""attribution"": 0.04622233659029007, ""normalised_attribution"": 0.013669341802597046}, {""token_position"": 195, ""token"": ""##ine"", ""attribution"": 0.042134299874305725, ""normalised_attribution"": 0.012460386380553246}, {""token_position"": 177, ""token"": ""was"", ""attribution"": 0.041310250759124756, ""normalised_attribution"": 0.012216689996421337}, {""token_position"": 172, ""token"": ""-"", ""attribution"": 0.04020252078771591, ""normalised_attribution"": 0.011889101006090641}, {""token_position"": 178, ""token"": ""undertaken"", ""attribution"": 0.039779096841812134, ""normalised_attribution"": 0.011763881891965866}, {""token_position"": 95, ""token"": ""tobacco"", ""attribution"": 0.03776108846068382, ""normalised_attribution"": 0.01116709504276514}, {""token_position"": 233, ""token"": ""stop"", ""attribution"": 0.03397766500711441, ""normalised_attribution"": 0.010048222728073597}]"
39,77,32f57a27-2b0d-52df-a1cd-346964f315e4,32,R26,32,R26,0.05080059543251991,0.26686058331709406,282,280,228,23,50,-0.01024162769317627,"[{""token_position"": 186, ""token"": ""##ap"", ""attribution"": 0.05152105167508125, ""normalised_attribution"": 0.024792926385998726}, {""token_position"": 203, ""token"": ""transfer"", ""attribution"": 0.038111839443445206, ""normalised_attribution"": 0.018340155482292175}, {""token_position"": 185, ""token"": ""##ther"", ""attribution"": 0.03430772200226784, ""normalised_attribution"": 0.016509540379047394}, {""token_position"": 208, ""token"": ""mobility"", ""attribution"": 0.02817375771701336, ""normalised_attribution"": 0.013557757250964642}, {""token_position"": 201, ""token"": ""##ait"", ""attribution"": 0.02683352679014206, ""normalised_attribution"": 0.012912812642753124}, {""token_position"": 55, ""token"": ""admission"", ""attribution"": 0.026655908674001694, ""normalised_attribution"": 0.01282733865082264}, {""token_position"": 174, ""token"": ""treatment"", ""attribution"": 0.02591564692556858, ""normalised_attribution"": 0.012471110559999943}, {""token_position"": 184, ""token"": ""##sio"", ""attribution"": 0.02571219950914383, ""normalised_attribution"": 0.012373208068311214}, {""token_position"": 183, ""token"": ""##hy"", ""attribution"": 0.025213858112692833, ""normalised_attribution"": 0.012133396230638027}, {""token_position"": 187, ""token"": ""##y"", ""attribution"": 0.02484661340713501, ""normalised_attribution"": 0.011956671252846718}, {""token_position"": 103, ""token"": ""##ait"", ""attribution"": 0.021988851949572563, ""normalised_attribution"": 0.010581460781395435}, {""token_position"": 213, ""token"": ""aid"", ""attribution"": 0.020617017522454262, ""normalised_attribution"": 0.009921307675540447}, {""token_position"": 191, ""token"": ""aid"", ""attribution"": 0.020402947440743446, ""normalised_attribution"": 0.009818293154239655}, {""token_position"": 199, ""token"": ""formal"", ""attribution"": 0.019838452339172363, ""normalised_attribution"": 0.009546646848320961}, {""token_position"": 171, ""token"": ""."", ""attribution"": 0.01942199468612671, ""normalised_attribution"": 0.009346239268779755}, {""token_position"": 268, ""token"": ""to"", ""attribution"": 0.01920580305159092, ""normalised_attribution"": 0.009242204017937183}, {""token_position"": 188, ""token"": "","", ""attribution"": 0.01833524741232395, ""normalised_attribution"": 0.008823275566101074}, {""token_position"": 252, ""token"": "":"", ""attribution"": 0.017556801438331604, ""normalised_attribution"": 0.008448672480881214}, {""token_position"": 54, ""token"": ""service"", ""attribution"": 0.01747077703475952, ""normalised_attribution"": 0.00840727612376213}, {""token_position"": 163, ""token"": ""conclusion"", ""attribution"": 0.016758758574724197, ""normalised_attribution"": 0.008064638823270798}, {""token_position"": 114, ""token"": ""synthetic"", ""attribution"": 0.016549235209822655, ""normalised_attribution"": 0.007963811978697777}, {""token_position"": 194, ""token"": ""falls"", ""attribution"": 0.01589132286608219, ""normalised_attribution"": 0.007647212129086256}, {""token_position"": 209, ""token"": ""improved"", ""attribution"": 0.01576785370707512, ""normalised_attribution"": 0.007587796077132225}]"
40,368,a931ccc4-0a9d-5473-a610-d8ee995e9bf5,42,Z88,42,Z88,0.5423838496208191,0.999999958962189,287,285,251,26,50,-0.005156040191650391,"[{""token_position"": 193, ""token"": ""all"", ""attribution"": 0.20215487480163574, ""normalised_attribution"": 0.04319309443235397}, {""token_position"": 202, ""token"": ""all"", ""attribution"": 0.17012785375118256, ""normalised_attribution"": 0.03635009378194809}, {""token_position"": 264, ""token"": ""all"", ""attribution"": 0.15613125264644623, ""normalised_attribution"": 0.03335953131318092}, {""token_position"": 194, ""token"": ""##er"", ""attribution"": 0.15569132566452026, ""normalised_attribution"": 0.03326553478837013}, {""token_position"": 144, ""token"": ""all"", ""attribution"": 0.1462220996618271, ""normalised_attribution"": 0.031242307275533676}, {""token_position"": 145, ""token"": ""##er"", ""attribution"": 0.13867630064487457, ""normalised_attribution"": 0.02963004633784294}, {""token_position"": 213, ""token"": ""##ergic"", ""attribution"": 0.13465732336044312, ""normalised_attribution"": 0.02877133898437023}, {""token_position"": 163, ""token"": ""all"", ""attribution"": 0.11179147660732269, ""normalised_attribution"": 0.02388574369251728}, {""token_position"": 164, ""token"": ""##er"", ""attribution"": 0.1116124615073204, ""normalised_attribution"": 0.023847496137022972}, {""token_position"": 203, ""token"": ""##er"", ""attribution"": 0.10868391394615173, ""normalised_attribution"": 0.02322177216410637}, {""token_position"": 265, ""token"": ""##er"", ""attribution"": 0.09418389201164246, ""normalised_attribution"": 0.020123649388551712}, {""token_position"": 212, ""token"": ""all"", ""attribution"": 0.0865691602230072, ""normalised_attribution"": 0.01849665865302086}, {""token_position"": 197, ""token"": ""updated"", ""attribution"": 0.07502076029777527, ""normalised_attribution"": 0.01602918840944767}, {""token_position"": 146, ""token"": ""##gy"", ""attribution"": 0.06932882219552994, ""normalised_attribution"": 0.014813030138611794}, {""token_position"": 195, ""token"": ""##gy"", ""attribution"": 0.062180131673812866, ""normalised_attribution"": 0.013285617344081402}, {""token_position"": 196, ""token"": ""record"", ""attribution"": 0.056868791580200195, ""normalised_attribution"": 0.01215077843517065}, {""token_position"": 173, ""token"": ""treatment"", ""attribution"": 0.054427795112133026, ""normalised_attribution"": 0.011629226617515087}, {""token_position"": 133, ""token"": ""respiratory"", ""attribution"": 0.047278933227062225, ""normalised_attribution"": 0.01010177657008171}, {""token_position"": 214, ""token"": ""reaction"", ""attribution"": 0.046304937452077866, ""normalised_attribution"": 0.009893669746816158}, {""token_position"": 165, ""token"": ""##gy"", ""attribution"": 0.04568653553724289, ""normalised_attribution"": 0.009761539287865162}, {""token_position"": 54, ""token"": ""##cology"", ""attribution"": 0.04371976852416992, ""normalised_attribution"": 0.009341313503682613}, {""token_position"": 204, ""token"": ""##gy"", ""attribution"": 0.043157100677490234, ""normalised_attribution"": 0.009221091866493225}, {""token_position"": 101, ""token"": ""fever"", ""attribution"": 0.042828068137168884, ""normalised_attribution"": 0.009150790050625801}, {""token_position"": 147, ""token"": ""history"", ""attribution"": 0.04131796211004257, ""normalised_attribution"": 0.008828135207295418}, {""token_position"": 266, ""token"": ""##gy"", ""attribution"": 0.038482844829559326, ""normalised_attribution"": 0.008222375065088272}, {""token_position"": 152, ""token"": ""markers"", ""attribution"": 0.03705913946032524, ""normalised_attribution"": 0.007918180897831917}]"
41,342,5b08cfad-79c9-56f1-917a-2e67c4f33a46,4,C79,4,C79,0.12609611451625824,0.9682451064307563,262,260,235,24,50,-0.009716033935546875,"[{""token_position"": 171, ""token"": ""##cology"", ""attribution"": 0.1374954879283905, ""normalised_attribution"": 0.048105388879776}, {""token_position"": 170, ""token"": ""on"", ""attribution"": 0.09622587263584137, ""normalised_attribution"": 0.03366643562912941}, {""token_position"": 238, ""token"": ""##cology"", ""attribution"": 0.07619018852710724, ""normalised_attribution"": 0.02665657363831997}, {""token_position"": 181, ""token"": ""pain"", ""attribution"": 0.06387867778539658, ""normalised_attribution"": 0.02234916016459465}, {""token_position"": 50, ""token"": ""##cology"", ""attribution"": 0.06267853826284409, ""normalised_attribution"": 0.021929267793893814}, {""token_position"": 237, ""token"": ""on"", ""attribution"": 0.059663526713848114, ""normalised_attribution"": 0.02087440900504589}, {""token_position"": 189, ""token"": ""improved"", ""attribution"": 0.05631168559193611, ""normalised_attribution"": 0.019701704382896423}, {""token_position"": 178, ""token"": ""on"", ""attribution"": 0.05378769338130951, ""normalised_attribution"": 0.01881863735616207}, {""token_position"": 172, ""token"": ""treatment"", ""attribution"": 0.05068165436387062, ""normalised_attribution"": 0.017731931060552597}, {""token_position"": 188, ""token"": ""pain"", ""attribution"": 0.05066167563199997, ""normalised_attribution"": 0.017724942415952682}, {""token_position"": 236, ""token"": "":"", ""attribution"": 0.04759899526834488, ""normalised_attribution"": 0.016653405502438545}, {""token_position"": 179, ""token"": ""##cology"", ""attribution"": 0.04174600541591644, ""normalised_attribution"": 0.014605626463890076}, {""token_position"": 49, ""token"": ""on"", ""attribution"": 0.039554037153720856, ""normalised_attribution"": 0.013838725164532661}, {""token_position"": 202, ""token"": ""##phine"", ""attribution"": 0.036767810583114624, ""normalised_attribution"": 0.01286391168832779}, {""token_position"": 99, ""token"": ""back"", ""attribution"": 0.03611122816801071, ""normalised_attribution"": 0.012634193524718285}, {""token_position"": 126, ""token"": ""and"", ""attribution"": 0.03481932356953621, ""normalised_attribution"": 0.012182196602225304}, {""token_position"": 51, ""token"": ""service"", ""attribution"": 0.03218507394194603, ""normalised_attribution"": 0.011260555125772953}, {""token_position"": 186, ""token"": ""completed"", ""attribution"": 0.031011344864964485, ""normalised_attribution"": 0.010849903337657452}, {""token_position"": 173, ""token"": ""planning"", ""attribution"": 0.028691522777080536, ""normalised_attribution"": 0.010038269683718681}, {""token_position"": 166, ""token"": ""##ges"", ""attribution"": 0.02791239134967327, ""normalised_attribution"": 0.009765676222741604}, {""token_position"": 100, ""token"": ""pain"", ""attribution"": 0.027079705148935318, ""normalised_attribution"": 0.009474345482885838}, {""token_position"": 185, ""token"": ""were"", ""attribution"": 0.025710422545671463, ""normalised_attribution"": 0.00899527594447136}, {""token_position"": 184, ""token"": ""assessments"", ""attribution"": 0.02471204660832882, ""normalised_attribution"": 0.008645975030958652}, {""token_position"": 48, ""token"": ""medical"", ""attribution"": 0.024515623226761818, ""normalised_attribution"": 0.008577252738177776}]"
42,92,38a256e3-a481-5a75-a54e-247438cf8896,22,J90,41,Z87,0.12615494430065155,0.9524134837990603,274,272,226,23,50,-0.00034999847412109375,"[{""token_position"": 247, ""token"": ""respiratory"", ""attribution"": 0.12067911028862, ""normalised_attribution"": 0.036861617118120193}, {""token_position"": 49, ""token"": ""respiratory"", ""attribution"": 0.10541155189275742, ""normalised_attribution"": 0.03219811990857124}, {""token_position"": 248, ""token"": ""clinic"", ""attribution"": 0.10001613199710846, ""normalised_attribution"": 0.03055008128285408}, {""token_position"": 50, ""token"": ""medicine"", ""attribution"": 0.08621539175510406, ""normalised_attribution"": 0.026334622874855995}, {""token_position"": 252, ""token"": ""##ural"", ""attribution"": 0.07880592346191406, ""normalised_attribution"": 0.02407138980925083}, {""token_position"": 127, ""token"": ""findings"", ""attribution"": 0.05321279540657997, ""normalised_attribution"": 0.01625392958521843}, {""token_position"": 196, ""token"": ""##le"", ""attribution"": 0.04303692281246185, ""normalised_attribution"": 0.013145693577826023}, {""token_position"": 254, ""token"": ""results"", ""attribution"": 0.03967539221048355, ""normalised_attribution"": 0.012118909507989883}, {""token_position"": 142, ""token"": ""##ural"", ""attribution"": 0.03834528103470802, ""normalised_attribution"": 0.011712624691426754}, {""token_position"": 191, ""token"": ""ultra"", ""attribution"": 0.038323644548654556, ""normalised_attribution"": 0.011706016026437283}, {""token_position"": 157, ""token"": ""##le"", ""attribution"": 0.036064062267541885, ""normalised_attribution"": 0.011015823110938072}, {""token_position"": 250, ""token"": ""p"", ""attribution"": 0.0358411967754364, ""normalised_attribution"": 0.010947748087346554}, {""token_position"": 132, ""token"": ""chest"", ""attribution"": 0.03504827618598938, ""normalised_attribution"": 0.010705549269914627}, {""token_position"": 141, ""token"": ""##le"", ""attribution"": 0.03409554064273834, ""normalised_attribution"": 0.01041453517973423}, {""token_position"": 197, ""token"": ""##ural"", ""attribution"": 0.03369694948196411, ""normalised_attribution"": 0.010292784310877323}, {""token_position"": 51, ""token"": ""service"", ""attribution"": 0.033416345715522766, ""normalised_attribution"": 0.010207073763012886}, {""token_position"": 253, ""token"": ""fluid"", ""attribution"": 0.033057086169719696, ""normalised_attribution"": 0.010097337886691093}, {""token_position"": 243, ""token"": ""follow"", ""attribution"": 0.032280392944812775, ""normalised_attribution"": 0.00986009556800127}, {""token_position"": 158, ""token"": ""##ural"", ""attribution"": 0.030822252854704857, ""normalised_attribution"": 0.009414704516530037}, {""token_position"": 251, ""token"": ""##le"", ""attribution"": 0.030608154833316803, ""normalised_attribution"": 0.009349307976663113}, {""token_position"": 192, ""token"": ""##sound"", ""attribution"": 0.030266158282756805, ""normalised_attribution"": 0.009244844317436218}, {""token_position"": 47, ""token"": ""service"", ""attribution"": 0.02894308790564537, ""normalised_attribution"": 0.00884071085602045}, {""token_position"": 187, ""token"": ""##yt"", ""attribution"": 0.028569867834448814, ""normalised_attribution"": 0.008726709522306919}]"
43,264,23da3ec8-5adf-56f3-a2d8-1044c2bf24d7,25,K57,25,K57,0.07182615995407104,0.69693863545759,284,282,246,25,50,0.003800034523010254,"[{""token_position"": 259, ""token"": ""##tal"", ""attribution"": 0.16276490688323975, ""normalised_attribution"": 0.07358578592538834}, {""token_position"": 48, ""token"": ""##ec"", ""attribution"": 0.15447673201560974, ""normalised_attribution"": 0.06983871012926102}, {""token_position"": 49, ""token"": ""##tal"", ""attribution"": 0.10034635663032532, ""normalised_attribution"": 0.045366447418928146}, {""token_position"": 258, ""token"": ""##ec"", ""attribution"": 0.05208396539092064, ""normalised_attribution"": 0.023547086864709854}, {""token_position"": 206, ""token"": ""abdominal"", ""attribution"": 0.044763438403606415, ""normalised_attribution"": 0.02023748680949211}, {""token_position"": 199, ""token"": ""##ro"", ""attribution"": 0.04162551090121269, ""normalised_attribution"": 0.01881883479654789}, {""token_position"": 164, ""token"": ""inflammation"", ""attribution"": 0.03862527385354042, ""normalised_attribution"": 0.017462432384490967}, {""token_position"": 47, ""token"": ""color"", ""attribution"": 0.02775801159441471, ""normalised_attribution"": 0.012549358420073986}, {""token_position"": 197, ""token"": ""anti"", ""attribution"": 0.027137391269207, ""normalised_attribution"": 0.012268776074051857}, {""token_position"": 200, ""token"": ""##bial"", ""attribution"": 0.024754837155342102, ""normalised_attribution"": 0.011191627010703087}, {""token_position"": 263, ""token"": ""after"", ""attribution"": 0.02360236831009388, ""normalised_attribution"": 0.010670597665011883}, {""token_position"": 50, ""token"": ""surgery"", ""attribution"": 0.02314058132469654, ""normalised_attribution"": 0.010461824014782906}, {""token_position"": 256, ""token"": "":"", ""attribution"": 0.02285362035036087, ""normalised_attribution"": 0.010332089848816395}, {""token_position"": 198, ""token"": ""##mic"", ""attribution"": 0.021772775799036026, ""normalised_attribution"": 0.009843441657721996}, {""token_position"": 213, ""token"": ""inflammatory"", ""attribution"": 0.02139449119567871, ""normalised_attribution"": 0.009672419168055058}, {""token_position"": 109, ""token"": ""fever"", ""attribution"": 0.01861495152115822, ""normalised_attribution"": 0.00841579306870699}, {""token_position"": 176, ""token"": ""diver"", ""attribution"": 0.017453502863645554, ""normalised_attribution"": 0.007890704087913036}, {""token_position"": 195, ""token"": ""fluids"", ""attribution"": 0.01680545136332512, ""normalised_attribution"": 0.007597720716148615}, {""token_position"": 255, ""token"": ""up"", ""attribution"": 0.016039621084928513, ""normalised_attribution"": 0.007251489907503128}, {""token_position"": 192, ""token"": ""##ges"", ""attribution"": 0.015670202672481537, ""normalised_attribution"": 0.007084476761519909}, {""token_position"": 186, ""token"": ""course"", ""attribution"": 0.01566392183303833, ""normalised_attribution"": 0.007081637158989906}, {""token_position"": 114, ""token"": ""synthetic"", ""attribution"": 0.01560131087899208, ""normalised_attribution"": 0.0070533305406570435}, {""token_position"": 208, ""token"": ""were"", ""attribution"": 0.01530752144753933, ""normalised_attribution"": 0.006920509040355682}, {""token_position"": 84, ""token"": ""pain"", ""attribution"": 0.015220295637845993, ""normalised_attribution"": 0.006881074048578739}, {""token_position"": 260, ""token"": ""follow"", ""attribution"": 0.014457684941589832, ""normalised_attribution"": 0.006536298897117376}]"
44,207,c60efaaa-803f-5d82-8b82-e12c110cda71,41,Z87,41,Z87,0.2391984909772873,0.9998390075936027,269,267,208,21,50,-0.004376888275146484,"[{""token_position"": 245, ""token"": ""respiratory"", ""attribution"": 0.2510127127170563, ""normalised_attribution"": 0.06151822581887245}, {""token_position"": 50, ""token"": ""respiratory"", ""attribution"": 0.18654084205627441, ""normalised_attribution"": 0.045717451721429825}, {""token_position"": 165, ""token"": ""respiratory"", ""attribution"": 0.17822270095348358, ""normalised_attribution"": 0.04367883875966072}, {""token_position"": 198, ""token"": ""remained"", ""attribution"": 0.15327471494674683, ""normalised_attribution"": 0.037564583122730255}, {""token_position"": 51, ""token"": ""medicine"", ""attribution"": 0.1106557846069336, ""normalised_attribution"": 0.027119532227516174}, {""token_position"": 246, ""token"": ""clinic"", ""attribution"": 0.10514803975820541, ""normalised_attribution"": 0.02576969377696514}, {""token_position"": 178, ""token"": ""respiratory"", ""attribution"": 0.08291933685541153, ""normalised_attribution"": 0.020321881398558617}, {""token_position"": 52, ""token"": ""service"", ""attribution"": 0.07231611013412476, ""normalised_attribution"": 0.017723239958286285}, {""token_position"": 95, ""token"": ""respiratory"", ""attribution"": 0.060384854674339294, ""normalised_attribution"": 0.014799127355217934}, {""token_position"": 189, ""token"": ""##hale"", ""attribution"": 0.04967741295695305, ""normalised_attribution"": 0.012174946255981922}, {""token_position"": 112, ""token"": ""cough"", ""attribution"": 0.04285227507352829, ""normalised_attribution"": 0.010502240620553493}, {""token_position"": 194, ""token"": ""completed"", ""attribution"": 0.0423969030380249, ""normalised_attribution"": 0.010390637442469597}, {""token_position"": 181, ""token"": ""self"", ""attribution"": 0.04203563183546066, ""normalised_attribution"": 0.010302097536623478}, {""token_position"": 192, ""token"": ""assessment"", ""attribution"": 0.03854967653751373, ""normalised_attribution"": 0.00944775901734829}, {""token_position"": 241, ""token"": ""follow"", ""attribution"": 0.038160137832164764, ""normalised_attribution"": 0.009352291002869606}, {""token_position"": 255, ""token"": ""to"", ""attribution"": 0.037636298686265945, ""normalised_attribution"": 0.009223908185958862}, {""token_position"": 179, ""token"": ""history"", ""attribution"": 0.036730892956256866, ""normalised_attribution"": 0.009002011269330978}, {""token_position"": 186, ""token"": ""reviewed"", ""attribution"": 0.03460288047790527, ""normalised_attribution"": 0.008480478078126907}, {""token_position"": 199, ""token"": ""stable"", ""attribution"": 0.03393971920013428, ""normalised_attribution"": 0.008317950181663036}, {""token_position"": 240, ""token"": ""."", ""attribution"": 0.03219761699438095, ""normalised_attribution"": 0.007890995591878891}, {""token_position"": 182, ""token"": ""-"", ""attribution"": 0.030442284420132637, ""normalised_attribution"": 0.007460798602551222}]"
45,145,04c5fe93-b174-5e8d-8a54-8d13bf77d720,47,Z95,47,Z95,0.29684212803840637,0.9999768992619344,265,263,241,25,50,-0.00030159950256347656,"[{""token_position"": 242, ""token"": ""clinic"", ""attribution"": 0.10381634533405304, ""normalised_attribution"": 0.033626195043325424}, {""token_position"": 240, ""token"": ""cardiac"", ""attribution"": 0.09827286750078201, ""normalised_attribution"": 0.03183065727353096}, {""token_position"": 241, ""token"": ""device"", ""attribution"": 0.08484810590744019, ""normalised_attribution"": 0.027482368052005768}, {""token_position"": 158, ""token"": ""pace"", ""attribution"": 0.08113302290439606, ""normalised_attribution"": 0.02627904899418354}, {""token_position"": 239, ""token"": "":"", ""attribution"": 0.0588015615940094, ""normalised_attribution"": 0.01904587261378765}, {""token_position"": 50, ""token"": ""##iology"", ""attribution"": 0.052377067506313324, ""normalised_attribution"": 0.016964973881840706}, {""token_position"": 49, ""token"": ""card"", ""attribution"": 0.052016761153936386, ""normalised_attribution"": 0.01684826985001564}, {""token_position"": 180, ""token"": ""device"", ""attribution"": 0.05068415775895119, ""normalised_attribution"": 0.01641663908958435}, {""token_position"": 159, ""token"": ""##maker"", ""attribution"": 0.048345308750867844, ""normalised_attribution"": 0.015659082680940628}, {""token_position"": 157, ""token"": ""cardiac"", ""attribution"": 0.043589260429143906, ""normalised_attribution"": 0.014118595980107784}, {""token_position"": 160, ""token"": ""."", ""attribution"": 0.0423918142914772, ""normalised_attribution"": 0.013730742037296295}, {""token_position"": 183, ""token"": ""completed"", ""attribution"": 0.03886319696903229, ""normalised_attribution"": 0.012587820179760456}, {""token_position"": 179, ""token"": ""cardiac"", ""attribution"": 0.038721323013305664, ""normalised_attribution"": 0.01254186686128378}, {""token_position"": 171, ""token"": ""rhythm"", ""attribution"": 0.03266061842441559, ""normalised_attribution"": 0.010578799992799759}, {""token_position"": 238, ""token"": ""up"", ""attribution"": 0.032583121210336685, ""normalised_attribution"": 0.010553698986768723}, {""token_position"": 174, ""token"": ""device"", ""attribution"": 0.032200656831264496, ""normalised_attribution"": 0.01042981818318367}, {""token_position"": 137, ""token"": ""device"", ""attribution"": 0.031506143510341644, ""normalised_attribution"": 0.010204864665865898}, {""token_position"": 172, ""token"": ""observation"", ""attribution"": 0.031416572630405426, ""normalised_attribution"": 0.010175853036344051}, {""token_position"": 173, ""token"": ""and"", ""attribution"": 0.028281735256314278, ""normalised_attribution"": 0.009160476736724377}, {""token_position"": 236, ""token"": ""follow"", ""attribution"": 0.02696915715932846, ""normalised_attribution"": 0.008735330775380135}, {""token_position"": 51, ""token"": ""service"", ""attribution"": 0.02542593702673912, ""normalised_attribution"": 0.008235480636358261}, {""token_position"": 208, ""token"": ""was"", ""attribution"": 0.02479908987879753, ""normalised_attribution"": 0.00803244486451149}, {""token_position"": 92, ""token"": ""device"", ""attribution"": 0.023305103182792664, ""normalised_attribution"": 0.00754854129627347}, {""token_position"": 182, ""token"": ""was"", ""attribution"": 0.023266848176717758, ""normalised_attribution"": 0.007536150515079498}, {""token_position"": 245, ""token"": ""up"", ""attribution"": 0.02319796197116375, ""normalised_attribution"": 0.007513838354498148}]"
46,315,3f547d28-1181-5b3b-8c65-5ac13f34abbe,45,Z92,45,Z92,0.6117929816246033,0.9999999921087733,278,276,246,25,50,-0.000827789306640625,"[{""token_position"": 202, ""token"": ""remained"", ""attribution"": 0.35767024755477905, ""normalised_attribution"": 0.08144539594650269}, {""token_position"": 252, ""token"": ""##gu"", ""attribution"": 0.15748117864131927, ""normalised_attribution"": 0.035860173404216766}, {""token_position"": 165, ""token"": ""##gu"", ""attribution"": 0.12803363800048828, ""normalised_attribution"": 0.029154649004340172}, {""token_position"": 250, ""token"": ""anti"", ""attribution"": 0.12258598208427429, ""normalised_attribution"": 0.027914157137274742}, {""token_position"": 251, ""token"": ""##coa"", ""attribution"": 0.12189964950084686, ""normalised_attribution"": 0.02775787189602852}, {""token_position"": 163, ""token"": ""anti"", ""attribution"": 0.0953875482082367, ""normalised_attribution"": 0.021720780059695244}, {""token_position"": 166, ""token"": ""##lant"", ""attribution"": 0.09535133093595505, ""normalised_attribution"": 0.02171253226697445}, {""token_position"": 164, ""token"": ""##coa"", ""attribution"": 0.09030583500862122, ""normalised_attribution"": 0.02056361734867096}, {""token_position"": 253, ""token"": ""##lation"", ""attribution"": 0.07164172828197479, ""normalised_attribution"": 0.016313599422574043}, {""token_position"": 137, ""token"": ""blood"", ""attribution"": 0.06851464509963989, ""normalised_attribution"": 0.015601527877151966}, {""token_position"": 192, ""token"": ""confirmed"", ""attribution"": 0.06483016163110733, ""normalised_attribution"": 0.014762531034648418}, {""token_position"": 198, ""token"": ""completed"", ""attribution"": 0.06225724518299103, ""normalised_attribution"": 0.01417664997279644}, {""token_position"": 167, ""token"": ""treatment"", ""attribution"": 0.055322639644145966, ""normalised_attribution"": 0.012597565539181232}, {""token_position"": 141, ""token"": ""##agu"", ""attribution"": 0.048838578164577484, ""normalised_attribution"": 0.011121073737740517}, {""token_position"": 138, ""token"": ""count"", ""attribution"": 0.04295355826616287, ""normalised_attribution"": 0.00978099089115858}, {""token_position"": 171, ""token"": ""treatment"", ""attribution"": 0.042519643902778625, ""normalised_attribution"": 0.0096821840852499}, {""token_position"": 111, ""token"": ""bleeding"", ""attribution"": 0.03983839601278305, ""normalised_attribution"": 0.009071635082364082}, {""token_position"": 142, ""token"": ""##lation"", ""attribution"": 0.03901718556880951, ""normalised_attribution"": 0.00888463668525219}, {""token_position"": 53, ""token"": ""admission"", ""attribution"": 0.03811604902148247, ""normalised_attribution"": 0.008679437451064587}, {""token_position"": 197, ""token"": ""was"", ""attribution"": 0.03701227903366089, ""normalised_attribution"": 0.008428097702562809}, {""token_position"": 168, ""token"": ""."", ""attribution"": 0.03594088554382324, ""normalised_attribution"": 0.008184129372239113}, {""token_position"": 190, ""token"": ""treatment"", ""attribution"": 0.0356421023607254, ""normalised_attribution"": 0.008116093464195728}, {""token_position"": 162, ""token"": ""term"", ""attribution"": 0.03538719564676285, ""normalised_attribution"": 0.008058047853410244}, {""token_position"": 201, ""token"": ""patient"", ""attribution"": 0.034839484840631485, ""normalised_attribution"": 0.007933328859508038}, {""token_position"": 193, ""token"": ""."", ""attribution"": 0.03402610868215561, ""normalised_attribution"": 0.0077481139451265335}]"
47,200,2af99f91-be29-5193-bc8b-716ac3ee3721,20,J44,20,J44,0.1514175683259964,0.9979390948828328,295,293,263,27,50,0.0008628368377685547,"[{""token_position"": 272, ""token"": ""##ation"", ""attribution"": 0.0943836197257042, ""normalised_attribution"": 0.038040224462747574}, {""token_position"": 271, ""token"": ""##ess"", ""attribution"": 0.08267305046319962, ""normalised_attribution"": 0.03332041576504707}, {""token_position"": 266, ""token"": ""respiratory"", ""attribution"": 0.062195394188165665, ""normalised_attribution"": 0.025067133828997612}, {""token_position"": 49, ""token"": ""respiratory"", ""attribution"": 0.05753707513213158, ""normalised_attribution"": 0.02318965271115303}, {""token_position"": 201, ""token"": ""oxygen"", ""attribution"": 0.046895015984773636, ""normalised_attribution"": 0.018900493159890175}, {""token_position"": 169, ""token"": ""pulmonary"", ""attribution"": 0.04644040763378143, ""normalised_attribution"": 0.018717268481850624}, {""token_position"": 269, ""token"": ""-"", ""attribution"": 0.04097934812307358, ""normalised_attribution"": 0.016516251489520073}, {""token_position"": 213, ""token"": ""administered"", ""attribution"": 0.03613215684890747, ""normalised_attribution"": 0.01456264778971672}, {""token_position"": 273, ""token"": ""follow"", ""attribution"": 0.03436752036213875, ""normalised_attribution"": 0.01385143119841814}, {""token_position"": 212, ""token"": ""were"", ""attribution"": 0.0330159068107605, ""normalised_attribution"": 0.013306679204106331}, {""token_position"": 198, ""token"": ""provided"", ""attribution"": 0.032420236617326736, ""normalised_attribution"": 0.013066601008176804}, {""token_position"": 170, ""token"": ""disease"", ""attribution"": 0.02843165211379528, ""normalised_attribution"": 0.01145904790610075}, {""token_position"": 256, ""token"": ""home"", ""attribution"": 0.027961894869804382, ""normalised_attribution"": 0.011269718408584595}, {""token_position"": 204, ""token"": ""##bul"", ""attribution"": 0.026110684499144554, ""normalised_attribution"": 0.010523608885705471}, {""token_position"": 208, ""token"": ""##cho"", ""attribution"": 0.02373477630317211, ""normalised_attribution"": 0.009566026739776134}, {""token_position"": 50, ""token"": ""medicine"", ""attribution"": 0.02307306043803692, ""normalised_attribution"": 0.009299329482018948}, {""token_position"": 197, ""token"": ""were"", ""attribution"": 0.02265195921063423, ""normalised_attribution"": 0.009129609912633896}, {""token_position"": 265, ""token"": "":"", ""attribution"": 0.022146306931972504, ""normalised_attribution"": 0.00892581231892109}, {""token_position"": 270, ""token"": ""c"", ""attribution"": 0.020925574004650116, ""normalised_attribution"": 0.0084338104352355}, {""token_position"": 145, ""token"": ""gas"", ""attribution"": 0.020835593342781067, ""normalised_attribution"": 0.008397544734179974}, {""token_position"": 142, ""token"": ""consolidation"", ""attribution"": 0.020642714574933052, ""normalised_attribution"": 0.00831980723887682}, {""token_position"": 276, ""token"": ""."", ""attribution"": 0.019890770316123962, ""normalised_attribution"": 0.008016744628548622}, {""token_position"": 52, ""token"": ""admission"", ""attribution"": 0.019442785531282425, ""normalised_attribution"": 0.007836190052330494}, {""token_position"": 174, ""token"": ""treatment"", ""attribution"": 0.019320867955684662, ""normalised_attribution"": 0.007787052076309919}, {""token_position"": 255, ""token"": ""discharged"", ""attribution"": 0.01889651268720627, ""normalised_attribution"": 0.007616020739078522}, {""token_position"": 196, ""token"": ""##biotics"", ""attribution"": 0.018352963030338287, ""normalised_attribution"": 0.007396949455142021}, {""token_position"": 127, ""token"": ""for"", ""attribution"": 0.018287625163793564, ""normalised_attribution"": 0.007370615843683481}]"
48,80,e223d4cd-3949-51d0-96ee-948eaa147ffc,19,J18,41,Z87,0.07729793339967728,0.6111911742036107,259,257,183,19,50,0.013631224632263184,"[{""token_position"": 166, ""token"": ""##bial"", ""attribution"": 0.1915232539176941, ""normalised_attribution"": 0.05052349343895912}, {""token_position"": 233, ""token"": ""chest"", ""attribution"": 0.14884889125823975, ""normalised_attribution"": 0.03926607221364975}, {""token_position"": 187, ""token"": ""fever"", ""attribution"": 0.06671661883592606, ""normalised_attribution"": 0.017599724233150482}, {""token_position"": 49, ""token"": ""respiratory"", ""attribution"": 0.06298802047967911, ""normalised_attribution"": 0.016616126522421837}, {""token_position"": 167, ""token"": ""therapy"", ""attribution"": 0.05983033776283264, ""normalised_attribution"": 0.01578313671052456}, {""token_position"": 50, ""token"": ""medicine"", ""attribution"": 0.0520891435444355, ""normalised_attribution"": 0.013741022907197475}, {""token_position"": 232, ""token"": ""repeat"", ""attribution"": 0.049277402460575104, ""normalised_attribution"": 0.012999290600419044}, {""token_position"": 164, ""token"": ""##mic"", ""attribution"": 0.04850286990404129, ""normalised_attribution"": 0.012794970534741879}, {""token_position"": 181, ""token"": ""##put"", ""attribution"": 0.04815981537103653, ""normalised_attribution"": 0.012704472988843918}, {""token_position"": 85, ""token"": ""cough"", ""attribution"": 0.04682154580950737, ""normalised_attribution"": 0.012351440265774727}, {""token_position"": 163, ""token"": ""anti"", ""attribution"": 0.045568302273750305, ""normalised_attribution"": 0.01202083658427}, {""token_position"": 96, ""token"": ""cough"", ""attribution"": 0.042335279285907745, ""normalised_attribution"": 0.011167971417307854}, {""token_position"": 165, ""token"": ""##ro"", ""attribution"": 0.0419781431555748, ""normalised_attribution"": 0.011073758825659752}, {""token_position"": 128, ""token"": ""chest"", ""attribution"": 0.03956162557005882, ""normalised_attribution"": 0.010436286218464375}, {""token_position"": 239, ""token"": ""indicated"", ""attribution"": 0.036476634442806244, ""normalised_attribution"": 0.009622471407055855}, {""token_position"": 84, ""token"": ""productive"", ""attribution"": 0.03641951084136963, ""normalised_attribution"": 0.009607401676476002}, {""token_position"": 95, ""token"": ""productive"", ""attribution"": 0.035516489297151566, ""normalised_attribution"": 0.009369186125695705}, {""token_position"": 172, ""token"": ""when"", ""attribution"": 0.035310592502355576, ""normalised_attribution"": 0.00931487139314413}, {""token_position"": 228, ""token"": ""follow"", ""attribution"": 0.033935029059648514, ""normalised_attribution"": 0.008952000178396702}]"
49,99,6ac62156-acbc-5fe2-8bd2-7b8e5068de7b,39,Z85,39,Z85,0.24655775725841522,0.9999330392754524,266,264,252,26,50,0.0033516883850097656,"[{""token_position"": 189, ""token"": ""breast"", ""attribution"": 0.15156075358390808, ""normalised_attribution"": 0.040181566029787064}, {""token_position"": 164, ""token"": ""breast"", ""attribution"": 0.1205354854464531, ""normalised_attribution"": 0.03195619210600853}, {""token_position"": 49, ""token"": ""##cology"", ""attribution"": 0.10400480777025223, ""normalised_attribution"": 0.02757360227406025}, {""token_position"": 194, ""token"": ""symptoms"", ""attribution"": 0.10183744132518768, ""normalised_attribution"": 0.026998993009328842}, {""token_position"": 190, ""token"": ""imaging"", ""attribution"": 0.08270817995071411, ""normalised_attribution"": 0.021927470341324806}, {""token_position"": 245, ""token"": ""##cology"", ""attribution"": 0.08212168514728546, ""normalised_attribution"": 0.021771980449557304}, {""token_position"": 106, ""token"": ""breast"", ""attribution"": 0.06903500854969025, ""normalised_attribution"": 0.01830245926976204}, {""token_position"": 244, ""token"": ""on"", ""attribution"": 0.06117260828614235, ""normalised_attribution"": 0.016217991709709167}, {""token_position"": 107, ""token"": ""mass"", ""attribution"": 0.06054799258708954, ""normalised_attribution"": 0.01605239510536194}, {""token_position"": 200, ""token"": ""##rrence"", ""attribution"": 0.05608121305704117, ""normalised_attribution"": 0.014868169091641903}, {""token_position"": 48, ""token"": ""on"", ""attribution"": 0.05594871938228607, ""normalised_attribution"": 0.014833042398095131}, {""token_position"": 195, ""token"": ""improved"", ""attribution"": 0.050168976187705994, ""normalised_attribution"": 0.013300725258886814}, {""token_position"": 179, ""token"": ""cancer"", ""attribution"": 0.048283644020557404, ""normalised_attribution"": 0.01280088908970356}, {""token_position"": 191, ""token"": ""was"", ""attribution"": 0.04640763998031616, ""normalised_attribution"": 0.01230352558195591}, {""token_position"": 50, ""token"": ""service"", ""attribution"": 0.04478190094232559, ""normalised_attribution"": 0.011872511357069016}, {""token_position"": 182, ""token"": ""verified"", ""attribution"": 0.04398711025714874, ""normalised_attribution"": 0.011661797761917114}, {""token_position"": 246, ""token"": ""surveillance"", ""attribution"": 0.043674372136592865, ""normalised_attribution"": 0.011578884907066822}, {""token_position"": 202, ""token"": ""identified"", ""attribution"": 0.039001304656267166, ""normalised_attribution"": 0.010339968837797642}, {""token_position"": 251, ""token"": ""advised"", ""attribution"": 0.034056421369314194, ""normalised_attribution"": 0.00902898795902729}, {""token_position"": 102, ""token"": ""discomfort"", ""attribution"": 0.033329397439956665, ""normalised_attribution"": 0.008836240507662296}, {""token_position"": 250, ""token"": ""was"", ""attribution"": 0.031575702130794525, ""normalised_attribution"": 0.008371303789317608}, {""token_position"": 94, ""token"": ""reported"", ""attribution"": 0.03033357672393322, ""normalised_attribution"": 0.008041993714869022}, {""token_position"": 192, ""token"": ""completed"", ""attribution"": 0.03004150278866291, ""normalised_attribution"": 0.007964558899402618}, {""token_position"": 243, ""token"": ""routine"", ""attribution"": 0.03002823516726494, ""normalised_attribution"": 0.007961041294038296}, {""token_position"": 165, ""token"": ""ma"", ""attribution"": 0.02952202782034874, ""normalised_attribution"": 0.00782683677971363}, {""token_position"": 196, ""token"": ""and"", ""attribution"": 0.027411848306655884, ""normalised_attribution"": 0.007267388980835676}]"
50,265,0362f0ea-215d-5fab-98fa-ea4fd2c14611,40,Z86,40,Z86,0.6953108310699463,0.9999999981070407,276,274,219,22,50,0.0013017654418945312,"[{""token_position"": 251, ""token"": ""prevention"", ""attribution"": 1.108180046081543, ""normalised_attribution"": 0.22047059237957}, {""token_position"": 193, ""token"": ""prevention"", ""attribution"": 0.1932029128074646, ""normalised_attribution"": 0.03843740001320839}, {""token_position"": 252, ""token"": ""review"", ""attribution"": 0.15166416764259338, ""normalised_attribution"": 0.03017333708703518}, {""token_position"": 250, ""token"": ""stroke"", ""attribution"": 0.1391373872756958, ""normalised_attribution"": 0.027681153267621994}, {""token_position"": 183, ""token"": ""prevention"", ""attribution"": 0.09199189394712448, ""normalised_attribution"": 0.01830163598060608}, {""token_position"": 195, ""token"": ""were"", ""attribution"": 0.08308272808790207, ""normalised_attribution"": 0.016529172658920288}, {""token_position"": 50, ""token"": ""stroke"", ""attribution"": 0.08019255846738815, ""normalised_attribution"": 0.01595417782664299}, {""token_position"": 103, ""token"": ""##zzi"", ""attribution"": 0.07617227733135223, ""normalised_attribution"": 0.015154349617660046}, {""token_position"": 142, ""token"": ""brain"", ""attribution"": 0.06695137917995453, ""normalised_attribution"": 0.013319866731762886}, {""token_position"": 109, ""token"": ""weakness"", ""attribution"": 0.06661730259656906, ""normalised_attribution"": 0.013253402896225452}, {""token_position"": 185, ""token"": ""were"", ""attribution"": 0.05579758808016777, ""normalised_attribution"": 0.011100837960839272}, {""token_position"": 102, ""token"": ""di"", ""attribution"": 0.05483638122677803, ""normalised_attribution"": 0.010909607633948326}, {""token_position"": 191, ""token"": ""secondary"", ""attribution"": 0.051641423255205154, ""normalised_attribution"": 0.010273976251482964}, {""token_position"": 194, ""token"": ""review"", ""attribution"": 0.05000176653265953, ""normalised_attribution"": 0.009947769343852997}, {""token_position"": 89, ""token"": ""##zzi"", ""attribution"": 0.04694255068898201, ""normalised_attribution"": 0.00933914352208376}, {""token_position"": 249, ""token"": "":"", ""attribution"": 0.04647832363843918, ""normalised_attribution"": 0.009246786125004292}, {""token_position"": 207, ""token"": ""##bro"", ""attribution"": 0.04406309127807617, ""normalised_attribution"": 0.008766279555857182}, {""token_position"": 165, ""token"": ""##vas"", ""attribution"": 0.04093004763126373, ""normalised_attribution"": 0.008142965845763683}, {""token_position"": 196, ""token"": ""completed"", ""attribution"": 0.040733568370342255, ""normalised_attribution"": 0.008103876374661922}, {""token_position"": 126, ""token"": ""required"", ""attribution"": 0.03964829817414284, ""normalised_attribution"": 0.007887963205575943}, {""token_position"": 192, ""token"": ""-"", ""attribution"": 0.03924641013145447, ""normalised_attribution"": 0.007808008696883917}, {""token_position"": 104, ""token"": ""##ness"", ""attribution"": 0.03923919051885605, ""normalised_attribution"": 0.0078065721318125725}]"
51,249,427be0f5-809e-579b-9f55-bda5fbaf1f80,0,B96,0,B96,0.0747995376586914,0.4908813504777748,277,275,230,23,50,0.0018301010131835938,"[{""token_position"": 176, ""token"": ""##biotic"", ""attribution"": 0.10099606215953827, ""normalised_attribution"": 0.042911775410175323}, {""token_position"": 175, ""token"": ""anti"", ""attribution"": 0.0632292702794075, ""normalised_attribution"": 0.02686520852148533}, {""token_position"": 177, ""token"": ""treatment"", ""attribution"": 0.05371546745300293, ""normalised_attribution"": 0.022822929546236992}, {""token_position"": 253, ""token"": ""if"", ""attribution"": 0.04467102512717247, ""normalised_attribution"": 0.018980076536536217}, {""token_position"": 98, ""token"": ""fever"", ""attribution"": 0.031330179423093796, ""normalised_attribution"": 0.013311742804944515}, {""token_position"": 199, ""token"": ""completed"", ""attribution"": 0.03113105148077011, ""normalised_attribution"": 0.013227136805653572}, {""token_position"": 189, ""token"": ""micro"", ""attribution"": 0.0309518501162529, ""normalised_attribution"": 0.013150996528565884}, {""token_position"": 190, ""token"": ""##biology"", ""attribution"": 0.026868022978305817, ""normalised_attribution"": 0.011415837332606316}, {""token_position"": 246, ""token"": ""follow"", ""attribution"": 0.02680838666856289, ""normalised_attribution"": 0.011390497907996178}, {""token_position"": 127, ""token"": ""findings"", ""attribution"": 0.025418687611818314, ""normalised_attribution"": 0.010800034739077091}, {""token_position"": 201, ""token"": ""fever"", ""attribution"": 0.02488464117050171, ""normalised_attribution"": 0.010573126375675201}, {""token_position"": 257, ""token"": ""##r"", ""attribution"": 0.024201612919569016, ""normalised_attribution"": 0.010282917879521847}, {""token_position"": 84, ""token"": ""fever"", ""attribution"": 0.023784972727298737, ""normalised_attribution"": 0.010105893015861511}, {""token_position"": 169, ""token"": ""treatment"", ""attribution"": 0.02371186390519142, ""normalised_attribution"": 0.010074830614030361}, {""token_position"": 187, ""token"": ""results"", ""attribution"": 0.022915981709957123, ""normalised_attribution"": 0.00973667111247778}, {""token_position"": 164, ""token"": ""##ry"", ""attribution"": 0.021542873233556747, ""normalised_attribution"": 0.009153257124125957}, {""token_position"": 259, ""token"": ""the"", ""attribution"": 0.02082882821559906, ""normalised_attribution"": 0.00884986948221922}, {""token_position"": 146, ""token"": ""##olate"", ""attribution"": 0.020559094846248627, ""normalised_attribution"": 0.008735263720154762}, {""token_position"": 110, ""token"": ""background"", ""attribution"": 0.019909795373678207, ""normalised_attribution"": 0.00845938641577959}, {""token_position"": 191, ""token"": ""-"", ""attribution"": 0.019863389432430267, ""normalised_attribution"": 0.008439668454229832}, {""token_position"": 59, ""token"": ""##3"", ""attribution"": 0.019221283495426178, ""normalised_attribution"": 0.008166846819221973}, {""token_position"": 173, ""token"": ""management"", ""attribution"": 0.01895773783326149, ""normalised_attribution"": 0.008054870180785656}, {""token_position"": 166, ""token"": ""."", ""attribution"": 0.018650438636541367, ""normalised_attribution"": 0.007924303412437439}]"
52,233,5c083b17-cd14-5c36-b969-aa6961fcf19f,27,K76,27,K76,0.07899101078510284,0.581146494964444,269,267,222,23,50,-0.0011816024780273438,"[{""token_position"": 194, ""token"": ""remained"", ""attribution"": 0.10783684998750687, ""normalised_attribution"": 0.07403117418289185}, {""token_position"": 243, ""token"": ""liver"", ""attribution"": 0.0818871483206749, ""normalised_attribution"": 0.05621642246842384}, {""token_position"": 244, ""token"": ""profile"", ""attribution"": 0.04387272894382477, ""normalised_attribution"": 0.03011910803616047}, {""token_position"": 133, ""token"": ""liver"", ""attribution"": 0.0424315370619297, ""normalised_attribution"": 0.029129713773727417}, {""token_position"": 242, ""token"": ""repeat"", ""attribution"": 0.03271154314279556, ""normalised_attribution"": 0.022456832230091095}, {""token_position"": 86, ""token"": ""liver"", ""attribution"": 0.026557255536317825, ""normalised_attribution"": 0.018231846392154694}, {""token_position"": 156, ""token"": ""liver"", ""attribution"": 0.02621469274163246, ""normalised_attribution"": 0.01799667254090309}, {""token_position"": 246, ""token"": ""he"", ""attribution"": 0.02155803143978119, ""normalised_attribution"": 0.014799823984503746}, {""token_position"": 247, ""token"": ""##pa"", ""attribution"": 0.020469017326831818, ""normalised_attribution"": 0.014052203856408596}, {""token_position"": 134, ""token"": ""profile"", ""attribution"": 0.019464239478111267, ""normalised_attribution"": 0.01336241327226162}, {""token_position"": 184, ""token"": ""liver"", ""attribution"": 0.018510043621063232, ""normalised_attribution"": 0.012707347050309181}, {""token_position"": 199, ""token"": ""liver"", ""attribution"": 0.017652489244937897, ""normalised_attribution"": 0.0121186263859272}, {""token_position"": 241, ""token"": "":"", ""attribution"": 0.01711367815732956, ""normalised_attribution"": 0.011748726479709148}, {""token_position"": 48, ""token"": ""##pa"", ""attribution"": 0.01651567406952381, ""normalised_attribution"": 0.0113381901755929}, {""token_position"": 87, ""token"": ""tests"", ""attribution"": 0.015785066410899162, ""normalised_attribution"": 0.010836620815098286}, {""token_position"": 49, ""token"": ""##tology"", ""attribution"": 0.015037886798381805, ""normalised_attribution"": 0.010323673486709595}, {""token_position"": 127, ""token"": ""clinical"", ""attribution"": 0.01483908575028181, ""normalised_attribution"": 0.010187194682657719}, {""token_position"": 190, ""token"": ""completed"", ""attribution"": 0.014730358496308327, ""normalised_attribution"": 0.010112551972270012}, {""token_position"": 238, ""token"": ""follow"", ""attribution"": 0.013762501999735832, ""normalised_attribution"": 0.00944810826331377}, {""token_position"": 200, ""token"": ""function"", ""attribution"": 0.01361630018800497, ""normalised_attribution"": 0.009347738698124886}, {""token_position"": 195, ""token"": ""stable"", ""attribution"": 0.01341561321169138, ""normalised_attribution"": 0.009209965355694294}, {""token_position"": 193, ""token"": ""patient"", ""attribution"": 0.013163285329937935, ""normalised_attribution"": 0.009036739356815815}, {""token_position"": 240, ""token"": ""up"", ""attribution"": 0.013083839789032936, ""normalised_attribution"": 0.008982199244201183}]"
53,322,e6be6eba-9357-5b6d-a7ed-88f41fb6f570,44,Z91,44,Z91,0.12823060154914856,0.9847842026201034,287,285,240,24,50,0.002553224563598633,"[{""token_position"": 262, ""token"": ""falls"", ""attribution"": 0.41727331280708313, ""normalised_attribution"": 0.1229892149567604}, {""token_position"": 169, ""token"": ""falls"", ""attribution"": 0.3035001754760742, ""normalised_attribution"": 0.08945515751838684}, {""token_position"": 264, ""token"": ""service"", ""attribution"": 0.09987515956163406, ""normalised_attribution"": 0.029437702149152756}, {""token_position"": 260, ""token"": "":"", ""attribution"": 0.08462836593389511, ""normalised_attribution"": 0.02494378760457039}, {""token_position"": 166, ""token"": ""fall"", ""attribution"": 0.0810772180557251, ""normalised_attribution"": 0.02389710396528244}, {""token_position"": 205, ""token"": ""falls"", ""attribution"": 0.07442845404148102, ""normalised_attribution"": 0.0219374131411314}, {""token_position"": 170, ""token"": ""risk"", ""attribution"": 0.06400388479232788, ""normalised_attribution"": 0.018864823505282402}, {""token_position"": 168, ""token"": ""ongoing"", ""attribution"": 0.047533947974443436, ""normalised_attribution"": 0.014010393060743809}, {""token_position"": 270, ""token"": ""patient"", ""attribution"": 0.046284012496471405, ""normalised_attribution"": 0.013641980476677418}, {""token_position"": 256, ""token"": ""."", ""attribution"": 0.04472140222787857, ""normalised_attribution"": 0.013181408867239952}, {""token_position"": 121, ""token"": ""respiratory"", ""attribution"": 0.04362592101097107, ""normalised_attribution"": 0.012858521193265915}, {""token_position"": 268, ""token"": ""."", ""attribution"": 0.04193627089262009, ""normalised_attribution"": 0.012360505759716034}, {""token_position"": 98, ""token"": ""##ait"", ""attribution"": 0.03855621814727783, ""normalised_attribution"": 0.011364252306520939}, {""token_position"": 206, ""token"": ""assessment"", ""attribution"": 0.03491050377488136, ""normalised_attribution"": 0.010289696045219898}, {""token_position"": 150, ""token"": ""mobility"", ""attribution"": 0.03402530774474144, ""normalised_attribution"": 0.010028788819909096}, {""token_position"": 102, ""token"": ""falling"", ""attribution"": 0.032400310039520264, ""normalised_attribution"": 0.009549829177558422}, {""token_position"": 171, ""token"": ""."", ""attribution"": 0.030394338071346283, ""normalised_attribution"": 0.008958579041063786}, {""token_position"": 172, ""token"": ""procedures"", ""attribution"": 0.02842222899198532, ""normalised_attribution"": 0.008377309888601303}, {""token_position"": 201, ""token"": ""multi"", ""attribution"": 0.02816518023610115, ""normalised_attribution"": 0.00830154586583376}, {""token_position"": 108, ""token"": ""pain"", ""attribution"": 0.028114192187786102, ""normalised_attribution"": 0.00828651711344719}, {""token_position"": 127, ""token"": ""##gnant"", ""attribution"": 0.025863954797387123, ""normalised_attribution"": 0.007623271085321903}, {""token_position"": 86, ""token"": ""fall"", ""attribution"": 0.023954197764396667, ""normalised_attribution"": 0.007060379721224308}, {""token_position"": 263, ""token"": ""-"", ""attribution"": 0.023344960063695908, ""normalised_attribution"": 0.006880810018628836}, {""token_position"": 165, ""token"": ""previous"", ""attribution"": 0.020918667316436768, ""normalised_attribution"": 0.006165672559291124}]"
54,321,3b8f4529-fb5d-57d8-b084-0bc3e9dc317b,2,C77,3,C78,0.11192364245653152,0.9163998120942031,270,268,224,23,50,-0.00731968879699707,"[{""token_position"": 245, ""token"": ""##cology"", ""attribution"": 0.19589708745479584, ""normalised_attribution"": 0.06637391448020935}, {""token_position"": 190, ""token"": ""bio"", ""attribution"": 0.15077847242355347, ""normalised_attribution"": 0.05108681321144104}, {""token_position"": 248, ""token"": ""bio"", ""attribution"": 0.11893054097890854, ""normalised_attribution"": 0.04029608517885208}, {""token_position"": 48, ""token"": ""##cology"", ""attribution"": 0.08090750128030777, ""normalised_attribution"": 0.027413107454776764}, {""token_position"": 189, ""token"": ""node"", ""attribution"": 0.0731506198644638, ""normalised_attribution"": 0.024784917011857033}, {""token_position"": 177, ""token"": ""##cology"", ""attribution"": 0.06978195905685425, ""normalised_attribution"": 0.02364354580640793}, {""token_position"": 197, ""token"": ""remained"", ""attribution"": 0.05329778045415878, ""normalised_attribution"": 0.018058370798826218}, {""token_position"": 47, ""token"": ""on"", ""attribution"": 0.04915542155504227, ""normalised_attribution"": 0.016654856503009796}, {""token_position"": 185, ""token"": ""guided"", ""attribution"": 0.04839073121547699, ""normalised_attribution"": 0.01639576442539692}, {""token_position"": 178, ""token"": ""review"", ""attribution"": 0.04127507656812668, ""normalised_attribution"": 0.013984834775328636}, {""token_position"": 87, ""token"": ""node"", ""attribution"": 0.03820929303765297, ""normalised_attribution"": 0.012946085073053837}, {""token_position"": 187, ""token"": ""##ymph"", ""attribution"": 0.03699316084384918, ""normalised_attribution"": 0.012534035369753838}, {""token_position"": 246, ""token"": ""review"", ""attribution"": 0.03539141267538071, ""normalised_attribution"": 0.011991330422461033}, {""token_position"": 193, ""token"": ""completed"", ""attribution"": 0.029269874095916748, ""normalised_attribution"": 0.009917228482663631}, {""token_position"": 180, ""token"": ""arranged"", ""attribution"": 0.029236527159810066, ""normalised_attribution"": 0.009905929677188396}, {""token_position"": 191, ""token"": ""##psy"", ""attribution"": 0.02918817475438118, ""normalised_attribution"": 0.009889546781778336}, {""token_position"": 126, ""token"": ""investigations"", ""attribution"": 0.026825975626707077, ""normalised_attribution"": 0.009089185856282711}, {""token_position"": 198, ""token"": ""stable"", ""attribution"": 0.026697751134634018, ""normalised_attribution"": 0.009045740589499474}, {""token_position"": 49, ""token"": ""service"", ""attribution"": 0.02598711848258972, ""normalised_attribution"": 0.008804963901638985}, {""token_position"": 46, ""token"": ""medical"", ""attribution"": 0.025810346007347107, ""normalised_attribution"": 0.008745069615542889}, {""token_position"": 88, ""token"": ""swelling"", ""attribution"": 0.025305379182100296, ""normalised_attribution"": 0.008573977276682854}, {""token_position"": 249, ""token"": ""##psy"", ""attribution"": 0.02417275682091713, ""normalised_attribution"": 0.008190221153199673}, {""token_position"": 251, ""token"": ""."", ""attribution"": 0.02183367684483528, ""normalised_attribution"": 0.007397693581879139}]"
55,339,478863de-1e60-58ce-b0c0-23619acbbbcf,45,Z92,45,Z92,0.6080506443977356,0.999999991091585,278,276,249,25,50,-0.0020313262939453125,"[{""token_position"": 203, ""token"": ""remained"", ""attribution"": 0.3874363899230957, ""normalised_attribution"": 0.086481973528862}, {""token_position"": 252, ""token"": ""##gu"", ""attribution"": 0.1576584428548813, ""normalised_attribution"": 0.03519187495112419}, {""token_position"": 166, ""token"": ""##gu"", ""attribution"": 0.1377764642238617, ""normalised_attribution"": 0.030753901228308678}, {""token_position"": 250, ""token"": ""anti"", ""attribution"": 0.12671659886837006, ""normalised_attribution"": 0.028285162523388863}, {""token_position"": 251, ""token"": ""##coa"", ""attribution"": 0.12091103196144104, ""normalised_attribution"": 0.026989268139004707}, {""token_position"": 165, ""token"": ""##coa"", ""attribution"": 0.10627465695142746, ""normalised_attribution"": 0.023722195997834206}, {""token_position"": 164, ""token"": ""anti"", ""attribution"": 0.10063451528549194, ""normalised_attribution"": 0.022463226690888405}, {""token_position"": 138, ""token"": ""blood"", ""attribution"": 0.07305322587490082, ""normalised_attribution"": 0.016306642442941666}, {""token_position"": 168, ""token"": ""treatment"", ""attribution"": 0.07055094838142395, ""normalised_attribution"": 0.015748094767332077}, {""token_position"": 167, ""token"": ""##lant"", ""attribution"": 0.06636826694011688, ""normalised_attribution"": 0.01481445413082838}, {""token_position"": 193, ""token"": ""confirmed"", ""attribution"": 0.050171978771686554, ""normalised_attribution"": 0.011199184693396091}, {""token_position"": 199, ""token"": ""completed"", ""attribution"": 0.04856005311012268, ""normalised_attribution"": 0.010839377529919147}, {""token_position"": 172, ""token"": ""treatment"", ""attribution"": 0.04460170492529869, ""normalised_attribution"": 0.009955810382962227}, {""token_position"": 142, ""token"": ""##agu"", ""attribution"": 0.04431432485580444, ""normalised_attribution"": 0.009891662746667862}, {""token_position"": 253, ""token"": ""##lation"", ""attribution"": 0.044313542544841766, ""normalised_attribution"": 0.009891488589346409}, {""token_position"": 194, ""token"": ""."", ""attribution"": 0.04217061027884483, ""normalised_attribution"": 0.009413152001798153}, {""token_position"": 169, ""token"": ""."", ""attribution"": 0.041934385895729065, ""normalised_attribution"": 0.009360422380268574}, {""token_position"": 191, ""token"": ""treatment"", ""attribution"": 0.041471391916275024, ""normalised_attribution"": 0.009257075376808643}, {""token_position"": 111, ""token"": ""bleeding"", ""attribution"": 0.039583392441272736, ""normalised_attribution"": 0.008835643529891968}, {""token_position"": 53, ""token"": ""admission"", ""attribution"": 0.038915373384952545, ""normalised_attribution"": 0.008686531335115433}, {""token_position"": 163, ""token"": ""term"", ""attribution"": 0.03696341812610626, ""normalised_attribution"": 0.008250823244452477}, {""token_position"": 143, ""token"": ""##lation"", ""attribution"": 0.034878265112638474, ""normalised_attribution"": 0.007785384077578783}, {""token_position"": 198, ""token"": ""was"", ""attribution"": 0.03240881860256195, ""normalised_attribution"": 0.007234164513647556}, {""token_position"": 52, ""token"": ""service"", ""attribution"": 0.03182817995548248, ""normalised_attribution"": 0.007104556541889906}, {""token_position"": 202, ""token"": ""patient"", ""attribution"": 0.03150389343500137, ""normalised_attribution"": 0.00703217089176178}]"
56,138,7a04f343-4be9-52d0-b0b2-7149f67e2928,39,Z85,39,Z85,0.2466893494129181,0.9999369478335864,265,263,254,26,50,-0.0033397674560546875,"[{""token_position"": 126, ""token"": ""breast"", ""attribution"": 0.1394544541835785, ""normalised_attribution"": 0.036597296595573425}, {""token_position"": 188, ""token"": ""breast"", ""attribution"": 0.12829449772834778, ""normalised_attribution"": 0.03366856649518013}, {""token_position"": 50, ""token"": ""##cology"", ""attribution"": 0.09302699565887451, ""normalised_attribution"": 0.024413250386714935}, {""token_position"": 244, ""token"": ""##cology"", ""attribution"": 0.08306865394115448, ""normalised_attribution"": 0.021799864247441292}, {""token_position"": 189, ""token"": ""imaging"", ""attribution"": 0.06951259076595306, ""normalised_attribution"": 0.01824232004582882}, {""token_position"": 163, ""token"": ""breast"", ""attribution"": 0.06439250707626343, ""normalised_attribution"": 0.01689864695072174}, {""token_position"": 193, ""token"": ""symptoms"", ""attribution"": 0.060234539210796356, ""normalised_attribution"": 0.015807464718818665}, {""token_position"": 194, ""token"": ""improved"", ""attribution"": 0.05799206346273422, ""normalised_attribution"": 0.015218966640532017}, {""token_position"": 199, ""token"": ""##rrence"", ""attribution"": 0.05083528161048889, ""normalised_attribution"": 0.013340799137949944}, {""token_position"": 243, ""token"": ""on"", ""attribution"": 0.049807414412498474, ""normalised_attribution"": 0.01307105366140604}, {""token_position"": 49, ""token"": ""on"", ""attribution"": 0.04863903671503067, ""normalised_attribution"": 0.012764434330165386}, {""token_position"": 181, ""token"": ""verified"", ""attribution"": 0.040488503873348236, ""normalised_attribution"": 0.010625474154949188}, {""token_position"": 108, ""token"": ""mass"", ""attribution"": 0.038472309708595276, ""normalised_attribution"": 0.010096360929310322}, {""token_position"": 190, ""token"": ""was"", ""attribution"": 0.03825807571411133, ""normalised_attribution"": 0.010040138848125935}, {""token_position"": 103, ""token"": ""discomfort"", ""attribution"": 0.037415266036987305, ""normalised_attribution"": 0.009818959049880505}, {""token_position"": 127, ""token"": ""ma"", ""attribution"": 0.03614256903529167, ""normalised_attribution"": 0.009484962560236454}, {""token_position"": 201, ""token"": ""identified"", ""attribution"": 0.03455159068107605, ""normalised_attribution"": 0.00906743947416544}, {""token_position"": 95, ""token"": ""reported"", ""attribution"": 0.03258928656578064, ""normalised_attribution"": 0.00855246838182211}, {""token_position"": 178, ""token"": ""cancer"", ""attribution"": 0.0314738005399704, ""normalised_attribution"": 0.00825972855091095}, {""token_position"": 107, ""token"": ""breast"", ""attribution"": 0.029103782027959824, ""normalised_attribution"": 0.007637760601937771}, {""token_position"": 210, ""token"": ""included"", ""attribution"": 0.028332088142633438, ""normalised_attribution"": 0.00743524357676506}, {""token_position"": 183, ""token"": ""surveillance"", ""attribution"": 0.028205513954162598, ""normalised_attribution"": 0.00740202609449625}, {""token_position"": 164, ""token"": ""ma"", ""attribution"": 0.028158746659755707, ""normalised_attribution"": 0.007389753125607967}, {""token_position"": 241, ""token"": "":"", ""attribution"": 0.027685463428497314, ""normalised_attribution"": 0.007265548221766949}, {""token_position"": 51, ""token"": ""service"", ""attribution"": 0.02753470651805401, ""normalised_attribution"": 0.007225985173135996}, {""token_position"": 245, ""token"": ""surveillance"", ""attribution"": 0.026891930028796196, ""normalised_attribution"": 0.007057299837470055}]"
57,362,8cc9e5b0-6a82-55fe-94d2-f2e0626862b5,17,I48,17,I48,0.2210765928030014,0.9994887611624649,283,281,252,26,50,0.006281375885009766,"[{""token_position"": 50, ""token"": ""card"", ""attribution"": 0.1336338371038437, ""normalised_attribution"": 0.035406384617090225}, {""token_position"": 51, ""token"": ""##iology"", ""attribution"": 0.09714681655168533, ""normalised_attribution"": 0.025739122182130814}, {""token_position"": 254, ""token"": ""card"", ""attribution"": 0.09659691154956818, ""normalised_attribution"": 0.02559342421591282}, {""token_position"": 257, ""token"": ""anti"", ""attribution"": 0.0862249881029129, ""normalised_attribution"": 0.022845376282930374}, {""token_position"": 259, ""token"": ""##gu"", ""attribution"": 0.0769735723733902, ""normalised_attribution"": 0.020394206047058105}, {""token_position"": 202, ""token"": ""monitoring"", ""attribution"": 0.07552282512187958, ""normalised_attribution"": 0.020009828731417656}, {""token_position"": 253, ""token"": "":"", ""attribution"": 0.06713443249464035, ""normalised_attribution"": 0.01778731867671013}, {""token_position"": 201, ""token"": ""cardiac"", ""attribution"": 0.06670945882797241, ""normalised_attribution"": 0.017674721777439117}, {""token_position"": 188, ""token"": ""##coa"", ""attribution"": 0.06566767394542694, ""normalised_attribution"": 0.01739870011806488}, {""token_position"": 203, ""token"": ""was"", ""attribution"": 0.06403583288192749, ""normalised_attribution"": 0.01696634292602539}, {""token_position"": 185, ""token"": ""control"", ""attribution"": 0.05364133045077324, ""normalised_attribution"": 0.014212311245501041}, {""token_position"": 189, ""token"": ""##gu"", ""attribution"": 0.053101032972335815, ""normalised_attribution"": 0.01406915858387947}, {""token_position"": 255, ""token"": ""##iology"", ""attribution"": 0.05143323913216591, ""normalised_attribution"": 0.013627275824546814}, {""token_position"": 184, ""token"": ""rate"", ""attribution"": 0.050750210881233215, ""normalised_attribution"": 0.013446306809782982}, {""token_position"": 258, ""token"": ""##coa"", ""attribution"": 0.05024708807468414, ""normalised_attribution"": 0.013313003815710545}, {""token_position"": 194, ""token"": ""##ly"", ""attribution"": 0.046991825103759766, ""normalised_attribution"": 0.01245051994919777}, {""token_position"": 187, ""token"": ""anti"", ""attribution"": 0.04578103870153427, ""normalised_attribution"": 0.012129721231758595}, {""token_position"": 193, ""token"": ""electro"", ""attribution"": 0.044425465166568756, ""normalised_attribution"": 0.011770560406148434}, {""token_position"": 206, ""token"": ""heart"", ""attribution"": 0.043406207114458084, ""normalised_attribution"": 0.011500507593154907}, {""token_position"": 197, ""token"": ""were"", ""attribution"": 0.040210988372564316, ""normalised_attribution"": 0.010653931647539139}, {""token_position"": 190, ""token"": ""##lation"", ""attribution"": 0.03752995282411575, ""normalised_attribution"": 0.009943589568138123}, {""token_position"": 195, ""token"": ""##te"", ""attribution"": 0.035497430711984634, ""normalised_attribution"": 0.009405070915818214}, {""token_position"": 127, ""token"": ""this"", ""attribution"": 0.03499005734920502, ""normalised_attribution"": 0.009270641952753067}, {""token_position"": 164, ""token"": ""##lla"", ""attribution"": 0.034068234264850616, ""normalised_attribution"": 0.009026404470205307}, {""token_position"": 126, ""token"": ""from"", ""attribution"": 0.03192104026675224, ""normalised_attribution"": 0.008457503281533718}, {""token_position"": 176, ""token"": ""treatment"", ""attribution"": 0.031615741550922394, ""normalised_attribution"": 0.008376614190638065}]"
58,308,389c5680-ac7f-5108-84b3-49728150f84f,23,J98,23,J98,0.07185302674770355,0.8041903674055156,267,265,238,24,50,0.0003165006637573242,"[{""token_position"": 242, ""token"": ""breathing"", ""attribution"": 0.07088187336921692, ""normalised_attribution"": 0.045538775622844696}, {""token_position"": 179, ""token"": ""breathing"", ""attribution"": 0.03776070103049278, ""normalised_attribution"": 0.024259744212031364}, {""token_position"": 191, ""token"": ""assessment"", ""attribution"": 0.03202567622065544, ""normalised_attribution"": 0.02057521976530552}, {""token_position"": 195, ""token"": ""oxygen"", ""attribution"": 0.02959982119500637, ""normalised_attribution"": 0.019016703590750694}, {""token_position"": 95, ""token"": ""breathing"", ""attribution"": 0.02856539376080036, ""normalised_attribution"": 0.018352126702666283}, {""token_position"": 49, ""token"": ""respiratory"", ""attribution"": 0.024331238120794296, ""normalised_attribution"": 0.015631848946213722}, {""token_position"": 198, ""token"": ""air"", ""attribution"": 0.023902878165245056, ""normalised_attribution"": 0.015356645919382572}, {""token_position"": 127, ""token"": ""##yper"", ""attribution"": 0.022117260843515396, ""normalised_attribution"": 0.01420945767313242}, {""token_position"": 184, ""token"": ""respiratory"", ""attribution"": 0.021985553205013275, ""normalised_attribution"": 0.014124840497970581}, {""token_position"": 182, ""token"": ""provided"", ""attribution"": 0.020550277084112167, ""normalised_attribution"": 0.013202733360230923}, {""token_position"": 162, ""token"": ""procedures"", ""attribution"": 0.018372973427176476, ""normalised_attribution"": 0.011803902685642242}, {""token_position"": 200, ""token"": ""improved"", ""attribution"": 0.018053926527500153, ""normalised_attribution"": 0.011598927900195122}, {""token_position"": 189, ""token"": ""##ap"", ""attribution"": 0.017690496519207954, ""normalised_attribution"": 0.011365437880158424}, {""token_position"": 147, ""token"": ""pneumonia"", ""attribution"": 0.01565702259540558, ""normalised_attribution"": 0.010059012100100517}, {""token_position"": 240, ""token"": "":"", ""attribution"": 0.0152976606041193, ""normalised_attribution"": 0.009828136302530766}, {""token_position"": 245, ""token"": ""mob"", ""attribution"": 0.014475389383733273, ""normalised_attribution"": 0.009299860335886478}, {""token_position"": 181, ""token"": ""were"", ""attribution"": 0.014378413558006287, ""normalised_attribution"": 0.009237556718289852}, {""token_position"": 158, ""token"": ""ate"", ""attribution"": 0.01402451191097498, ""normalised_attribution"": 0.009010189212858677}, {""token_position"": 248, ""token"": ""."", ""attribution"": 0.013731207698583603, ""normalised_attribution"": 0.008821752853691578}, {""token_position"": 183, ""token"": ""."", ""attribution"": 0.013247812166810036, ""normalised_attribution"": 0.008511191233992577}, {""token_position"": 174, ""token"": ""mob"", ""attribution"": 0.013160139322280884, ""normalised_attribution"": 0.008454864844679832}, {""token_position"": 175, ""token"": ""##ilis"", ""attribution"": 0.012576023116707802, ""normalised_attribution"": 0.008079593069851398}, {""token_position"": 161, ""token"": ""."", ""attribution"": 0.01193390041589737, ""normalised_attribution"": 0.007667054887861013}, {""token_position"": 106, ""token"": ""requirement"", ""attribution"": 0.011685230769217014, ""normalised_attribution"": 0.007507294416427612}]"
59,30,96a54ddd-7dad-5c99-9b8a-75ee0d042b1c,26,K59,26,K59,0.1124749407172203,0.9726638096404571,278,276,218,22,50,-0.033081769943237305,"[{""token_position"": 162, ""token"": ""##ip"", ""attribution"": 0.2927396595478058, ""normalised_attribution"": 0.09774741530418396}, {""token_position"": 160, ""token"": ""con"", ""attribution"": 0.14149506390094757, ""normalised_attribution"": 0.047245997935533524}, {""token_position"": 161, ""token"": ""##st"", ""attribution"": 0.1274949461221695, ""normalised_attribution"": 0.042571280151605606}, {""token_position"": 253, ""token"": ""##st"", ""attribution"": 0.12065620720386505, ""normalised_attribution"": 0.04028778523206711}, {""token_position"": 163, ""token"": ""##ation"", ""attribution"": 0.11094598472118378, ""normalised_attribution"": 0.03704548627138138}, {""token_position"": 141, ""token"": ""abdominal"", ""attribution"": 0.07520133256912231, ""normalised_attribution"": 0.025110147893428802}, {""token_position"": 252, ""token"": ""con"", ""attribution"": 0.04903040826320648, ""normalised_attribution"": 0.016371529549360275}, {""token_position"": 254, ""token"": ""##ip"", ""attribution"": 0.037992484867572784, ""normalised_attribution"": 0.012685904279351234}, {""token_position"": 55, ""token"": ""admission"", ""attribution"": 0.03750258684158325, ""normalised_attribution"": 0.012522323988378048}, {""token_position"": 251, ""token"": ""if"", ""attribution"": 0.03729148209095001, ""normalised_attribution"": 0.012451834976673126}, {""token_position"": 197, ""token"": ""examination"", ""attribution"": 0.033210527151823044, ""normalised_attribution"": 0.011089181527495384}, {""token_position"": 142, ""token"": ""examination"", ""attribution"": 0.0327354371547699, ""normalised_attribution"": 0.010930546559393406}, {""token_position"": 108, ""token"": ""abdominal"", ""attribution"": 0.030652206391096115, ""normalised_attribution"": 0.010234943591058254}, {""token_position"": 199, ""token"": ""completed"", ""attribution"": 0.029411714524030685, ""normalised_attribution"": 0.009820736944675446}, {""token_position"": 247, ""token"": "":"", ""attribution"": 0.02718586102128029, ""normalised_attribution"": 0.009077511727809906}, {""token_position"": 90, ""token"": ""abdominal"", ""attribution"": 0.026901081204414368, ""normalised_attribution"": 0.008982421830296516}, {""token_position"": 248, ""token"": ""g"", ""attribution"": 0.026075679808855057, ""normalised_attribution"": 0.008706815540790558}, {""token_position"": 260, ""token"": ""the"", ""attribution"": 0.023460648953914642, ""normalised_attribution"": 0.00783364288508892}, {""token_position"": 140, ""token"": ""showed"", ""attribution"": 0.022615233436226845, ""normalised_attribution"": 0.007551353424787521}, {""token_position"": 143, ""token"": ""and"", ""attribution"": 0.022131910547614098, ""normalised_attribution"": 0.007389969192445278}, {""token_position"": 68, ""token"": ""discharge"", ""attribution"": 0.020741941407322884, ""normalised_attribution"": 0.0069258506409823895}, {""token_position"": 192, ""token"": ""provided"", ""attribution"": 0.020066577941179276, ""normalised_attribution"": 0.006700342986732721}]"
60,352,ac991717-ebf3-565b-853e-b9a4093e6734,12,F10,12,F10,0.08777198940515518,0.6913826314956244,258,256,215,22,50,0.003102540969848633,"[{""token_position"": 95, ""token"": ""alcohol"", ""attribution"": 0.11704826354980469, ""normalised_attribution"": 0.059985850006341934}, {""token_position"": 234, ""token"": ""alcohol"", ""attribution"": 0.1043599545955658, ""normalised_attribution"": 0.05348324030637741}, {""token_position"": 235, ""token"": ""service"", ""attribution"": 0.09198687970638275, ""normalised_attribution"": 0.047142185270786285}, {""token_position"": 150, ""token"": ""alcohol"", ""attribution"": 0.07216206938028336, ""normalised_attribution"": 0.036982204765081406}, {""token_position"": 172, ""token"": ""withdrawal"", ""attribution"": 0.07146912813186646, ""normalised_attribution"": 0.03662708029150963}, {""token_position"": 188, ""token"": ""withdrawal"", ""attribution"": 0.06985653191804886, ""normalised_attribution"": 0.035800643265247345}, {""token_position"": 181, ""token"": ""alcohol"", ""attribution"": 0.06435795873403549, ""normalised_attribution"": 0.03298269212245941}, {""token_position"": 96, ""token"": ""intake"", ""attribution"": 0.04904496669769287, ""normalised_attribution"": 0.025134963914752007}, {""token_position"": 134, ""token"": ""withdrawal"", ""attribution"": 0.04596118628978729, ""normalised_attribution"": 0.023554563522338867}, {""token_position"": 151, ""token"": ""use"", ""attribution"": 0.04323337972164154, ""normalised_attribution"": 0.022156594321131706}, {""token_position"": 153, ""token"": ""withdrawal"", ""attribution"": 0.04321104288101196, ""normalised_attribution"": 0.022145148366689682}, {""token_position"": 175, ""token"": ""vitamin"", ""attribution"": 0.03861352801322937, ""normalised_attribution"": 0.01978897489607334}, {""token_position"": 50, ""token"": ""mental"", ""attribution"": 0.025993293151259422, ""normalised_attribution"": 0.013321254402399063}, {""token_position"": 173, ""token"": ""treatment"", ""attribution"": 0.024786878377199173, ""normalised_attribution"": 0.012702981941401958}, {""token_position"": 232, ""token"": "":"", ""attribution"": 0.02069989964365959, ""normalised_attribution"": 0.010608453303575516}, {""token_position"": 239, ""token"": ""."", ""attribution"": 0.018927859142422676, ""normalised_attribution"": 0.00970030389726162}, {""token_position"": 233, ""token"": ""community"", ""attribution"": 0.01681862585246563, ""normalised_attribution"": 0.008619346655905247}, {""token_position"": 139, ""token"": ""risk"", ""attribution"": 0.0165955051779747, ""normalised_attribution"": 0.008504999801516533}, {""token_position"": 182, ""token"": ""-"", ""attribution"": 0.015023114159703255, ""normalised_attribution"": 0.00769916782155633}, {""token_position"": 147, ""token"": ""conclusion"", ""attribution"": 0.014978243969380856, ""normalised_attribution"": 0.007676172535866499}, {""token_position"": 190, ""token"": ""resolved"", ""attribution"": 0.014871163293719292, ""normalised_attribution"": 0.007621294818818569}, {""token_position"": 155, ""token"": ""."", ""attribution"": 0.014393990859389305, ""normalised_attribution"": 0.007376749999821186}]"
61,338,6047ece1-f4e9-5e44-b535-e28c59f31f8d,29,N18,29,N18,0.28785160183906555,0.9999585086507439,275,273,237,24,50,-0.014101028442382812,"[{""token_position"": 254, ""token"": ""blood"", ""attribution"": 0.6479663848876953, ""normalised_attribution"": 0.20336668193340302}, {""token_position"": 255, ""token"": ""tests"", ""attribution"": 0.4134495258331299, ""normalised_attribution"": 0.1297626942396164}, {""token_position"": 256, ""token"": ""."", ""attribution"": 0.09678838402032852, ""normalised_attribution"": 0.030377399176359177}, {""token_position"": 253, ""token"": ""repeat"", ""attribution"": 0.08368930220603943, ""normalised_attribution"": 0.026266202330589294}, {""token_position"": 248, ""token"": "":"", ""attribution"": 0.07548972219228745, ""normalised_attribution"": 0.02369273267686367}, {""token_position"": 250, ""token"": ""##nal"", ""attribution"": 0.062250275164842606, ""normalised_attribution"": 0.019537482410669327}, {""token_position"": 249, ""token"": ""re"", ""attribution"": 0.05503397434949875, ""normalised_attribution"": 0.017272619530558586}, {""token_position"": 251, ""token"": ""clinic"", ""attribution"": 0.03283785656094551, ""normalised_attribution"": 0.010306284762918949}, {""token_position"": 192, ""token"": ""ultra"", ""attribution"": 0.025852132588624954, ""normalised_attribution"": 0.00811378937214613}, {""token_position"": 246, ""token"": ""-"", ""attribution"": 0.023446127772331238, ""normalised_attribution"": 0.007358655333518982}, {""token_position"": 127, ""token"": ""showed"", ""attribution"": 0.023090047761797905, ""normalised_attribution"": 0.007246898487210274}, {""token_position"": 198, ""token"": ""##ede"", ""attribution"": 0.022829800844192505, ""normalised_attribution"": 0.007165218703448772}, {""token_position"": 273, ""token"": ""."", ""attribution"": 0.02243070863187313, ""normalised_attribution"": 0.007039962336421013}, {""token_position"": 252, ""token"": ""and"", ""attribution"": 0.022404594346880913, ""normalised_attribution"": 0.007031766232103109}, {""token_position"": 199, ""token"": ""##ma"", ""attribution"": 0.021177155897021294, ""normalised_attribution"": 0.006646530237048864}, {""token_position"": 204, ""token"": ""function"", ""attribution"": 0.021147245541214943, ""normalised_attribution"": 0.00663714250549674}, {""token_position"": 173, ""token"": ""fluid"", ""attribution"": 0.01891452632844448, ""normalised_attribution"": 0.0059363953769207}, {""token_position"": 267, ""token"": ""worse"", ""attribution"": 0.01819322071969509, ""normalised_attribution"": 0.0057100108824670315}, {""token_position"": 193, ""token"": ""##sound"", ""attribution"": 0.017804894596338272, ""normalised_attribution"": 0.005588133353739977}, {""token_position"": 153, ""token"": ""disease"", ""attribution"": 0.016847722232341766, ""normalised_attribution"": 0.005287720821797848}, {""token_position"": 142, ""token"": ""dial"", ""attribution"": 0.016567427664995193, ""normalised_attribution"": 0.005199749488383532}, {""token_position"": 53, ""token"": "":"", ""attribution"": 0.01646965928375721, ""normalised_attribution"": 0.005169064737856388}, {""token_position"": 258, ""token"": ""patient"", ""attribution"": 0.016376830637454987, ""normalised_attribution"": 0.005139929708093405}, {""token_position"": 191, ""token"": ""##nal"", ""attribution"": 0.016183774918317795, ""normalised_attribution"": 0.005079338792711496}]"
62,152,2ff48833-842f-5c33-8272-528d345256fd,9,E66,9,E66,0.3776366710662842,0.9999937909453921,268,266,206,21,50,0.0007951259613037109,"[{""token_position"": 175, ""token"": ""weight"", ""attribution"": 0.24406349658966064, ""normalised_attribution"": 0.05390125513076782}, {""token_position"": 174, ""token"": ""##disciplinary"", ""attribution"": 0.1785762459039688, ""normalised_attribution"": 0.03943844139575958}, {""token_position"": 177, ""token"": ""management"", ""attribution"": 0.1673535704612732, ""normalised_attribution"": 0.036959923803806305}, {""token_position"": 243, ""token"": ""weight"", ""attribution"": 0.14429843425750732, ""normalised_attribution"": 0.031868211925029755}, {""token_position"": 103, ""token"": ""exercise"", ""attribution"": 0.14420348405838013, ""normalised_attribution"": 0.03184724226593971}, {""token_position"": 179, ""token"": ""activity"", ""attribution"": 0.12265831232070923, ""normalised_attribution"": 0.027089005336165428}, {""token_position"": 52, ""token"": ""##rino"", ""attribution"": 0.11056829988956451, ""normalised_attribution"": 0.02441893331706524}, {""token_position"": 53, ""token"": ""##logy"", ""attribution"": 0.08599616587162018, ""normalised_attribution"": 0.018992194905877113}, {""token_position"": 245, ""token"": ""management"", ""attribution"": 0.08418994396924973, ""normalised_attribution"": 0.01859329082071781}, {""token_position"": 173, ""token"": ""multi"", ""attribution"": 0.08366016298532486, ""normalised_attribution"": 0.018476290628314018}, {""token_position"": 201, ""token"": ""activity"", ""attribution"": 0.07632700353860855, ""normalised_attribution"": 0.016856767237186432}, {""token_position"": 176, ""token"": ""-"", ""attribution"": 0.07351633161306381, ""normalised_attribution"": 0.01623603142797947}, {""token_position"": 137, ""token"": ""mass"", ""attribution"": 0.06926523149013519, ""normalised_attribution"": 0.015297179110348225}, {""token_position"": 200, ""token"": ""graded"", ""attribution"": 0.05368626117706299, ""normalised_attribution"": 0.011856574565172195}, {""token_position"": 50, ""token"": ""end"", ""attribution"": 0.04965778440237045, ""normalised_attribution"": 0.010966887697577477}, {""token_position"": 141, ""token"": ""screening"", ""attribution"": 0.048883188515901566, ""normalised_attribution"": 0.010795818641781807}, {""token_position"": 55, ""token"": ""admission"", ""attribution"": 0.04637940227985382, ""normalised_attribution"": 0.010242859832942486}, {""token_position"": 198, ""token"": ""improved"", ""attribution"": 0.04495144262909889, ""normalised_attribution"": 0.009927495382726192}, {""token_position"": 135, ""token"": ""body"", ""attribution"": 0.04275961592793465, ""normalised_attribution"": 0.009443432092666626}, {""token_position"": 127, ""token"": ""admission"", ""attribution"": 0.042745351791381836, ""normalised_attribution"": 0.009440281428396702}, {""token_position"": 140, ""token"": ""metabolic"", ""attribution"": 0.040785953402519226, ""normalised_attribution"": 0.009007549844682217}]"
63,157,355e3dc3-f93d-53a3-8b8f-032324b8e47c,29,N18,29,N18,0.28891506791114807,0.999958999062237,272,270,222,23,50,-0.037398576736450195,"[{""token_position"": 251, ""token"": ""blood"", ""attribution"": 0.5616554021835327, ""normalised_attribution"": 0.1664167046546936}, {""token_position"": 252, ""token"": ""tests"", ""attribution"": 0.438706636428833, ""normalised_attribution"": 0.12998737394809723}, {""token_position"": 250, ""token"": ""repeat"", ""attribution"": 0.13780760765075684, ""normalised_attribution"": 0.040831953287124634}, {""token_position"": 253, ""token"": ""."", ""attribution"": 0.11673108488321304, ""normalised_attribution"": 0.03458704799413681}, {""token_position"": 247, ""token"": ""##nal"", ""attribution"": 0.07784759998321533, ""normalised_attribution"": 0.023065995424985886}, {""token_position"": 245, ""token"": "":"", ""attribution"": 0.06566347181797028, ""normalised_attribution"": 0.01945587620139122}, {""token_position"": 248, ""token"": ""clinic"", ""attribution"": 0.05630401149392128, ""normalised_attribution"": 0.01668269746005535}, {""token_position"": 246, ""token"": ""re"", ""attribution"": 0.04481566324830055, ""normalised_attribution"": 0.013278737664222717}, {""token_position"": 191, ""token"": ""ultra"", ""attribution"": 0.04383102431893349, ""normalised_attribution"": 0.012986992485821247}, {""token_position"": 190, ""token"": ""##nal"", ""attribution"": 0.02734084241092205, ""normalised_attribution"": 0.008101004175841808}, {""token_position"": 203, ""token"": ""function"", ""attribution"": 0.02644447609782219, ""normalised_attribution"": 0.007835413329303265}, {""token_position"": 197, ""token"": ""##ede"", ""attribution"": 0.02579576149582863, ""normalised_attribution"": 0.0076432013884186745}, {""token_position"": 192, ""token"": ""##sound"", ""attribution"": 0.025724489241838455, ""normalised_attribution"": 0.0076220836490392685}, {""token_position"": 270, ""token"": ""."", ""attribution"": 0.02491932362318039, ""normalised_attribution"": 0.00738351559266448}, {""token_position"": 141, ""token"": ""dial"", ""attribution"": 0.0232553668320179, ""normalised_attribution"": 0.006890490651130676}, {""token_position"": 243, ""token"": ""-"", ""attribution"": 0.022728629410266876, ""normalised_attribution"": 0.006734420079737902}, {""token_position"": 152, ""token"": ""disease"", ""attribution"": 0.02054748311638832, ""normalised_attribution"": 0.006088153459131718}, {""token_position"": 143, ""token"": ""##is"", ""attribution"": 0.020309707149863243, ""normalised_attribution"": 0.006017701234668493}, {""token_position"": 159, ""token"": ""##nal"", ""attribution"": 0.019790593534708023, ""normalised_attribution"": 0.0058638895861804485}, {""token_position"": 112, ""token"": ""documented"", ""attribution"": 0.018359659239649773, ""normalised_attribution"": 0.005439908243715763}, {""token_position"": 180, ""token"": ""avoid"", ""attribution"": 0.01811417192220688, ""normalised_attribution"": 0.00536717101931572}, {""token_position"": 129, ""token"": ""##nal"", ""attribution"": 0.017865274101495743, ""normalised_attribution"": 0.005293423309922218}, {""token_position"": 98, ""token"": ""were"", ""attribution"": 0.016973715275526047, ""normalised_attribution"": 0.005029257386922836}]"
64,173,a16365e3-f0e1-5c0c-ad9e-22ca3c33a7e2,21,J45,21,J45,0.21599739789962769,0.999264551283649,283,281,231,24,50,-0.00468897819519043,"[{""token_position"": 257, ""token"": ""##th"", ""attribution"": 0.15656889975070953, ""normalised_attribution"": 0.050803616642951965}, {""token_position"": 211, ""token"": ""remained"", ""attribution"": 0.14824295043945312, ""normalised_attribution"": 0.048102006316185}, {""token_position"": 154, ""token"": ""##th"", ""attribution"": 0.12016982585191727, ""normalised_attribution"": 0.03899281471967697}, {""token_position"": 258, ""token"": ""##ma"", ""attribution"": 0.07911887019872665, ""normalised_attribution"": 0.025672562420368195}, {""token_position"": 153, ""token"": ""as"", ""attribution"": 0.06701570749282837, ""normalised_attribution"": 0.021745316684246063}, {""token_position"": 256, ""token"": ""as"", ""attribution"": 0.06489087641239166, ""normalised_attribution"": 0.02105584926903248}, {""token_position"": 155, ""token"": ""##ma"", ""attribution"": 0.06160670518875122, ""normalised_attribution"": 0.01999019831418991}, {""token_position"": 52, ""token"": ""medicine"", ""attribution"": 0.04187418147921562, ""normalised_attribution"": 0.01358737237751484}, {""token_position"": 142, ""token"": ""##cho"", ""attribution"": 0.041067466139793396, ""normalised_attribution"": 0.01332560833543539}, {""token_position"": 51, ""token"": ""respiratory"", ""attribution"": 0.03862742334604263, ""normalised_attribution"": 0.012533861212432384}, {""token_position"": 259, ""token"": ""review"", ""attribution"": 0.0371522456407547, ""normalised_attribution"": 0.01205519400537014}, {""token_position"": 143, ""token"": ""##di"", ""attribution"": 0.03366267681121826, ""normalised_attribution"": 0.01092289574444294}, {""token_position"": 173, ""token"": ""##cho"", ""attribution"": 0.03346852958202362, ""normalised_attribution"": 0.010859898291528225}, {""token_position"": 207, ""token"": ""resolved"", ""attribution"": 0.03283446282148361, ""normalised_attribution"": 0.010654156096279621}, {""token_position"": 57, ""token"": ""may"", ""attribution"": 0.03177012875676155, ""normalised_attribution"": 0.010308800265192986}, {""token_position"": 197, ""token"": ""##cho"", ""attribution"": 0.031456731259822845, ""normalised_attribution"": 0.010207108221948147}, {""token_position"": 252, ""token"": ""follow"", ""attribution"": 0.03107302077114582, ""normalised_attribution"": 0.010082601569592953}, {""token_position"": 186, ""token"": ""##hale"", ""attribution"": 0.028992529958486557, ""normalised_attribution"": 0.009407522156834602}, {""token_position"": 209, ""token"": ""oxygen"", ""attribution"": 0.027904119342565536, ""normalised_attribution"": 0.009054353460669518}, {""token_position"": 141, ""token"": ""##on"", ""attribution"": 0.0272752046585083, ""normalised_attribution"": 0.008850282989442348}, {""token_position"": 140, ""token"": ""br"", ""attribution"": 0.027084482833743095, ""normalised_attribution"": 0.008788397535681725}, {""token_position"": 222, ""token"": ""##hale"", ""attribution"": 0.027010329067707062, ""normalised_attribution"": 0.008764335885643959}, {""token_position"": 174, ""token"": ""##di"", ""attribution"": 0.026644345372915268, ""normalised_attribution"": 0.00864558108150959}, {""token_position"": 54, ""token"": ""admission"", ""attribution"": 0.02585054188966751, ""normalised_attribution"": 0.008388007059693336}]"
65,336,f7a36994-3ea8-5b3f-b4fa-2a4dec952d80,4,C79,4,C79,0.12363240122795105,0.9713493413974553,266,264,240,24,50,0.0031740665435791016,"[{""token_position"": 242, ""token"": ""##cology"", ""attribution"": 0.10712557286024094, ""normalised_attribution"": 0.03864783048629761}, {""token_position"": 176, ""token"": ""##cology"", ""attribution"": 0.08939263224601746, ""normalised_attribution"": 0.0322502963244915}, {""token_position"": 50, ""token"": ""##cology"", ""attribution"": 0.07987004518508911, ""normalised_attribution"": 0.02881482057273388}, {""token_position"": 175, ""token"": ""on"", ""attribution"": 0.07387612015008926, ""normalised_attribution"": 0.02665238454937935}, {""token_position"": 241, ""token"": ""on"", ""attribution"": 0.05812147259712219, ""normalised_attribution"": 0.02096855826675892}, {""token_position"": 193, ""token"": ""pain"", ""attribution"": 0.05763088911771774, ""normalised_attribution"": 0.020791569724678993}, {""token_position"": 49, ""token"": ""on"", ""attribution"": 0.05407307296991348, ""normalised_attribution"": 0.019508013501763344}, {""token_position"": 194, ""token"": ""improved"", ""attribution"": 0.05137724056839943, ""normalised_attribution"": 0.0185354333370924}, {""token_position"": 186, ""token"": ""pain"", ""attribution"": 0.045365236699581146, ""normalised_attribution"": 0.016366474330425262}, {""token_position"": 177, ""token"": ""treatment"", ""attribution"": 0.04414509981870651, ""normalised_attribution"": 0.015926284715533257}, {""token_position"": 51, ""token"": ""service"", ""attribution"": 0.0430445522069931, ""normalised_attribution"": 0.015529238618910313}, {""token_position"": 98, ""token"": ""back"", ""attribution"": 0.03643649071455002, ""normalised_attribution"": 0.013145240023732185}, {""token_position"": 207, ""token"": ""##phine"", ""attribution"": 0.036200594156980515, ""normalised_attribution"": 0.013060134835541248}, {""token_position"": 183, ""token"": ""on"", ""attribution"": 0.03608420863747597, ""normalised_attribution"": 0.013018147088587284}, {""token_position"": 171, ""token"": ""##ges"", ""attribution"": 0.03556076064705849, ""normalised_attribution"": 0.012829301878809929}, {""token_position"": 184, ""token"": ""##cology"", ""attribution"": 0.034719448536634445, ""normalised_attribution"": 0.012525780126452446}, {""token_position"": 126, ""token"": ""##yper"", ""attribution"": 0.034522898495197296, ""normalised_attribution"": 0.012454871088266373}, {""token_position"": 48, ""token"": ""medical"", ""attribution"": 0.029592834413051605, ""normalised_attribution"": 0.010676245205104351}, {""token_position"": 240, ""token"": "":"", ""attribution"": 0.029174551367759705, ""normalised_attribution"": 0.010525341145694256}, {""token_position"": 247, ""token"": ""."", ""attribution"": 0.028790486976504326, ""normalised_attribution"": 0.010386781767010689}, {""token_position"": 243, ""token"": ""review"", ""attribution"": 0.028320707380771637, ""normalised_attribution"": 0.01021729875355959}, {""token_position"": 55, ""token"": ""de"", ""attribution"": 0.027112280949950218, ""normalised_attribution"": 0.009781332686543465}, {""token_position"": 172, ""token"": ""##ia"", ""attribution"": 0.027095304802060127, ""normalised_attribution"": 0.009775208309292793}, {""token_position"": 197, ""token"": ""was"", ""attribution"": 0.023956535384058952, ""normalised_attribution"": 0.008642829954624176}]"
66,296,17ded6de-a588-560a-a0f7-3e9863cbc1bd,17,I48,17,I48,0.22283387184143066,0.9995745949281741,279,277,247,25,50,0.0015101432800292969,"[{""token_position"": 49, ""token"": ""##iology"", ""attribution"": 0.11383932083845139, ""normalised_attribution"": 0.03030015341937542}, {""token_position"": 48, ""token"": ""card"", ""attribution"": 0.09320414066314697, ""normalised_attribution"": 0.024807769805192947}, {""token_position"": 253, ""token"": ""anti"", ""attribution"": 0.09120108187198639, ""normalised_attribution"": 0.02427462488412857}, {""token_position"": 198, ""token"": ""monitoring"", ""attribution"": 0.08553743362426758, ""normalised_attribution"": 0.02276715449988842}, {""token_position"": 250, ""token"": ""card"", ""attribution"": 0.08197494596242905, ""normalised_attribution"": 0.021818941459059715}, {""token_position"": 255, ""token"": ""##gu"", ""attribution"": 0.07514964044094086, ""normalised_attribution"": 0.020002277567982674}, {""token_position"": 254, ""token"": ""##coa"", ""attribution"": 0.06653092801570892, ""normalised_attribution"": 0.017708268016576767}, {""token_position"": 251, ""token"": ""##iology"", ""attribution"": 0.06505349278450012, ""normalised_attribution"": 0.017315026372671127}, {""token_position"": 184, ""token"": ""##coa"", ""attribution"": 0.05811448395252228, ""normalised_attribution"": 0.015468098223209381}, {""token_position"": 202, ""token"": ""heart"", ""attribution"": 0.057033658027648926, ""normalised_attribution"": 0.015180419199168682}, {""token_position"": 183, ""token"": ""anti"", ""attribution"": 0.055270008742809296, ""normalised_attribution"": 0.014710995368659496}, {""token_position"": 197, ""token"": ""cardiac"", ""attribution"": 0.052114345133304596, ""normalised_attribution"": 0.013871065340936184}, {""token_position"": 185, ""token"": ""##gu"", ""attribution"": 0.050301361829042435, ""normalised_attribution"": 0.013388510793447495}, {""token_position"": 199, ""token"": ""was"", ""attribution"": 0.0501064732670784, ""normalised_attribution"": 0.013336637988686562}, {""token_position"": 180, ""token"": ""rate"", ""attribution"": 0.04712264984846115, ""normalised_attribution"": 0.01254244614392519}, {""token_position"": 249, ""token"": "":"", ""attribution"": 0.045221224427223206, ""normalised_attribution"": 0.012036350555717945}, {""token_position"": 181, ""token"": ""control"", ""attribution"": 0.04514610767364502, ""normalised_attribution"": 0.012016357854008675}, {""token_position"": 189, ""token"": ""electro"", ""attribution"": 0.043800920248031616, ""normalised_attribution"": 0.011658314615488052}, {""token_position"": 193, ""token"": ""were"", ""attribution"": 0.0426616407930851, ""normalised_attribution"": 0.011355076916515827}, {""token_position"": 203, ""token"": ""rate"", ""attribution"": 0.040598418563604355, ""normalised_attribution"": 0.010805916972458363}, {""token_position"": 126, ""token"": ""history"", ""attribution"": 0.03969739377498627, ""normalised_attribution"": 0.010566094890236855}, {""token_position"": 206, ""token"": ""symptoms"", ""attribution"": 0.03931434080004692, ""normalised_attribution"": 0.0104641392827034}, {""token_position"": 194, ""token"": ""provided"", ""attribution"": 0.037581928074359894, ""normalised_attribution"": 0.01000303030014038}, {""token_position"": 186, ""token"": ""##lation"", ""attribution"": 0.037356115877628326, ""normalised_attribution"": 0.009942926466464996}, {""token_position"": 200, ""token"": ""completed"", ""attribution"": 0.03510618209838867, ""normalised_attribution"": 0.00934407114982605}]"
67,134,37826f3b-1bdb-5942-8a60-6801351de299,10,E78,10,E78,0.571707010269165,0.999999981167207,277,275,237,24,50,-0.00042510032653808594,"[{""token_position"": 253, ""token"": ""liver"", ""attribution"": 0.3062078654766083, ""normalised_attribution"": 0.08998208492994308}, {""token_position"": 254, ""token"": ""profile"", ""attribution"": 0.16696280241012573, ""normalised_attribution"": 0.049063604325056076}, {""token_position"": 250, ""token"": ""lip"", ""attribution"": 0.07251990586519241, ""normalised_attribution"": 0.02131066285073757}, {""token_position"": 196, ""token"": ""##iovascular"", ""attribution"": 0.07080132514238358, ""normalised_attribution"": 0.020805640146136284}, {""token_position"": 184, ""token"": ""##id"", ""attribution"": 0.06574822962284088, ""normalised_attribution"": 0.019320741295814514}, {""token_position"": 183, ""token"": ""lip"", ""attribution"": 0.06289124488830566, ""normalised_attribution"": 0.018481189385056496}, {""token_position"": 251, ""token"": ""##id"", ""attribution"": 0.05634887516498566, ""normalised_attribution"": 0.016558650881052017}, {""token_position"": 252, ""token"": ""and"", ""attribution"": 0.04922369122505188, ""normalised_attribution"": 0.014464848674833775}, {""token_position"": 208, ""token"": ""effects"", ""attribution"": 0.04642050713300705, ""normalised_attribution"": 0.013641105964779854}, {""token_position"": 186, ""token"": ""lowering"", ""attribution"": 0.043669432401657104, ""normalised_attribution"": 0.012832676991820335}, {""token_position"": 144, ""token"": ""lip"", ""attribution"": 0.04272031784057617, ""normalised_attribution"": 0.01255377009510994}, {""token_position"": 249, ""token"": ""repeat"", ""attribution"": 0.040883708745241165, ""normalised_attribution"": 0.012014065869152546}, {""token_position"": 110, ""token"": ""exercise"", ""attribution"": 0.039482906460762024, ""normalised_attribution"": 0.011602426879107952}, {""token_position"": 118, ""token"": ""iron"", ""attribution"": 0.036204468458890915, ""normalised_attribution"": 0.010639026761054993}, {""token_position"": 192, ""token"": ""were"", ""attribution"": 0.03590678796172142, ""normalised_attribution"": 0.010551550425589085}, {""token_position"": 258, ""token"": ""."", ""attribution"": 0.035671018064022064, ""normalised_attribution"": 0.010482266545295715}, {""token_position"": 126, ""token"": ""##tri"", ""attribution"": 0.03430039435625076, ""normalised_attribution"": 0.010079496540129185}, {""token_position"": 86, ""token"": ""##iovascular"", ""attribution"": 0.0324288085103035, ""normalised_attribution"": 0.00952951330691576}, {""token_position"": 91, ""token"": ""lip"", ""attribution"": 0.031479571014642715, ""normalised_attribution"": 0.009250570088624954}, {""token_position"": 145, ""token"": ""##id"", ""attribution"": 0.030872469767928123, ""normalised_attribution"": 0.009072167798876762}, {""token_position"": 202, ""token"": ""treatment"", ""attribution"": 0.029059354215860367, ""normalised_attribution"": 0.008539366535842419}, {""token_position"": 168, ""token"": ""##mia"", ""attribution"": 0.028921721503138542, ""normalised_attribution"": 0.008498921990394592}, {""token_position"": 105, ""token"": ""##uro"", ""attribution"": 0.027325376868247986, ""normalised_attribution"": 0.008029821328818798}, {""token_position"": 193, ""token"": ""reinforced"", ""attribution"": 0.026262350380420685, ""normalised_attribution"": 0.007717440836131573}]"
68,301,c458486c-6e0a-5bc7-a07f-27230bdd3c76,46,Z93,46,Z93,0.13360127806663513,0.99351216140816,271,269,229,23,50,0.010009407997131348,"[{""token_position"": 179, ""token"": ""skin"", ""attribution"": 0.0680585503578186, ""normalised_attribution"": 0.03087623044848442}, {""token_position"": 189, ""token"": ""care"", ""attribution"": 0.06269653886556625, ""normalised_attribution"": 0.02844363823533058}, {""token_position"": 200, ""token"": ""skin"", ""attribution"": 0.04335399717092514, ""normalised_attribution"": 0.019668476656079292}, {""token_position"": 196, ""token"": ""##a"", ""attribution"": 0.042423900216817856, ""normalised_attribution"": 0.01924651861190796}, {""token_position"": 245, ""token"": ""##tom"", ""attribution"": 0.04168271645903587, ""normalised_attribution"": 0.01891026459634304}, {""token_position"": 195, ""token"": ""##tom"", ""attribution"": 0.04086969420313835, ""normalised_attribution"": 0.01854141801595688}, {""token_position"": 88, ""token"": ""##a"", ""attribution"": 0.039722442626953125, ""normalised_attribution"": 0.01802094280719757}, {""token_position"": 186, ""token"": ""##tom"", ""attribution"": 0.0378866009414196, ""normalised_attribution"": 0.017188074067234993}, {""token_position"": 187, ""token"": ""##a"", ""attribution"": 0.033145759254693985, ""normalised_attribution"": 0.015037288889288902}, {""token_position"": 52, ""token"": ""##tal"", ""attribution"": 0.028322244063019753, ""normalised_attribution"": 0.012848997488617897}, {""token_position"": 141, ""token"": ""##a"", ""attribution"": 0.027405254542827606, ""normalised_attribution"": 0.012432985007762909}, {""token_position"": 140, ""token"": ""##tom"", ""attribution"": 0.026756688952445984, ""normalised_attribution"": 0.012138749472796917}, {""token_position"": 159, ""token"": ""##tom"", ""attribution"": 0.02647307701408863, ""normalised_attribution"": 0.012010082602500916}, {""token_position"": 136, ""token"": ""investigations"", ""attribution"": 0.025444135069847107, ""normalised_attribution"": 0.011543281376361847}, {""token_position"": 87, ""token"": ""##tom"", ""attribution"": 0.02540101297199726, ""normalised_attribution"": 0.011523718014359474}, {""token_position"": 103, ""token"": ""##a"", ""attribution"": 0.024949470534920692, ""normalised_attribution"": 0.011318866163492203}, {""token_position"": 50, ""token"": ""color"", ""attribution"": 0.024268824607133865, ""normalised_attribution"": 0.01101007591933012}, {""token_position"": 182, ""token"": ""provided"", ""attribution"": 0.023884737864136696, ""normalised_attribution"": 0.010835826396942139}, {""token_position"": 163, ""token"": ""procedures"", ""attribution"": 0.023160818964242935, ""normalised_attribution"": 0.010507405735552311}, {""token_position"": 172, ""token"": ""##yd"", ""attribution"": 0.022106390446424484, ""normalised_attribution"": 0.010029041208326817}, {""token_position"": 192, ""token"": ""completed"", ""attribution"": 0.020977526903152466, ""normalised_attribution"": 0.00951690785586834}, {""token_position"": 173, ""token"": ""##ration"", ""attribution"": 0.020575150847434998, ""normalised_attribution"": 0.009334361180663109}, {""token_position"": 198, ""token"": ""resumed"", ""attribution"": 0.01932920329272747, ""normalised_attribution"": 0.008769109845161438}]"
69,269,83c6e565-a62e-5e4a-b815-3b4cfc49402a,43,Z90,43,Z90,0.23472771048545837,0.9974432704192617,264,262,239,24,50,-1.6689300537109375e-05,"[{""token_position"": 243, ""token"": ""function"", ""attribution"": 0.07886974513530731, ""normalised_attribution"": 0.03131507709622383}, {""token_position"": 242, ""token"": ""-"", ""attribution"": 0.07454679906368256, ""normalised_attribution"": 0.02959865890443325}, {""token_position"": 241, ""token"": ""##nal"", ""attribution"": 0.0662231296300888, ""normalised_attribution"": 0.026293762028217316}, {""token_position"": 240, ""token"": ""re"", ""attribution"": 0.06082581728696823, ""normalised_attribution"": 0.024150770157575607}, {""token_position"": 185, ""token"": ""##nal"", ""attribution"": 0.041592635214328766, ""normalised_attribution"": 0.01651427336037159}, {""token_position"": 196, ""token"": ""##nal"", ""attribution"": 0.0403142012655735, ""normalised_attribution"": 0.016006672754883766}, {""token_position"": 197, ""token"": ""function"", ""attribution"": 0.03580624237656593, ""normalised_attribution"": 0.014216797426342964}, {""token_position"": 187, ""token"": ""##sound"", ""attribution"": 0.03539687395095825, ""normalised_attribution"": 0.014054258354008198}, {""token_position"": 176, ""token"": ""protection"", ""attribution"": 0.03474081680178642, ""normalised_attribution"": 0.013793772086501122}, {""token_position"": 96, ""token"": ""flank"", ""attribution"": 0.032883401960134506, ""normalised_attribution"": 0.013056289404630661}, {""token_position"": 136, ""token"": ""##nal"", ""attribution"": 0.0321078822016716, ""normalised_attribution"": 0.012748370878398418}, {""token_position"": 94, ""token"": ""were"", ""attribution"": 0.02957397699356079, ""normalised_attribution"": 0.011742288246750832}, {""token_position"": 92, ""token"": ""reported"", ""attribution"": 0.027628686279058456, ""normalised_attribution"": 0.010969914495944977}, {""token_position"": 248, ""token"": ""was"", ""attribution"": 0.02652466669678688, ""normalised_attribution"": 0.010531566105782986}, {""token_position"": 135, ""token"": ""re"", ""attribution"": 0.024982202798128128, ""normalised_attribution"": 0.009919133968651295}, {""token_position"": 186, ""token"": ""ultra"", ""attribution"": 0.024690471589565277, ""normalised_attribution"": 0.009803302586078644}, {""token_position"": 82, ""token"": ""flank"", ""attribution"": 0.02458660677075386, ""normalised_attribution"": 0.00976206362247467}, {""token_position"": 97, ""token"": ""discomfort"", ""attribution"": 0.023533714935183525, ""normalised_attribution"": 0.009344014339148998}, {""token_position"": 249, ""token"": ""advised"", ""attribution"": 0.02327660098671913, ""normalised_attribution"": 0.009241928346455097}, {""token_position"": 165, ""token"": ""procedures"", ""attribution"": 0.02292117103934288, ""normalised_attribution"": 0.009100805036723614}, {""token_position"": 238, ""token"": "":"", ""attribution"": 0.02271081507205963, ""normalised_attribution"": 0.009017284028232098}, {""token_position"": 184, ""token"": ""re"", ""attribution"": 0.022466083988547325, ""normalised_attribution"": 0.008920113556087017}, {""token_position"": 174, ""token"": ""##nal"", ""attribution"": 0.021827612072229385, ""normalised_attribution"": 0.008666610345244408}, {""token_position"": 83, ""token"": ""discomfort"", ""attribution"": 0.021271059289574623, ""normalised_attribution"": 0.008445631712675095}]"
70,6,20966ddf-17d9-5853-b600-244141302778,11,E87,11,E87,0.26432859897613525,0.9997181364665988,259,257,230,23,50,-0.003474712371826172,"[{""token_position"": 196, ""token"": ""chloride"", ""attribution"": 0.13728581368923187, ""normalised_attribution"": 0.05806616321206093}, {""token_position"": 233, ""token"": ""electro"", ""attribution"": 0.07082264870405197, ""normalised_attribution"": 0.029955020174384117}, {""token_position"": 124, ""token"": ""electro"", ""attribution"": 0.06975286453962326, ""normalised_attribution"": 0.029502546414732933}, {""token_position"": 129, ""token"": ""sodium"", ""attribution"": 0.06818238645792007, ""normalised_attribution"": 0.028838299214839935}, {""token_position"": 188, ""token"": ""sodium"", ""attribution"": 0.05641598999500275, ""normalised_attribution"": 0.023861605674028397}, {""token_position"": 234, ""token"": ""##ly"", ""attribution"": 0.054658614099025726, ""normalised_attribution"": 0.023118309676647186}, {""token_position"": 195, ""token"": ""sodium"", ""attribution"": 0.054180752485990524, ""normalised_attribution"": 0.022916194051504135}, {""token_position"": 125, ""token"": ""##ly"", ""attribution"": 0.051739245653152466, ""normalised_attribution"": 0.021883537992835045}, {""token_position"": 189, ""token"": ""concentration"", ""attribution"": 0.041189879179000854, ""normalised_attribution"": 0.017421597614884377}, {""token_position"": 190, ""token"": ""improved"", ""attribution"": 0.03532420098781586, ""normalised_attribution"": 0.014940660446882248}, {""token_position"": 232, ""token"": ""repeat"", ""attribution"": 0.03316356986761093, ""normalised_attribution"": 0.014026803895831108}, {""token_position"": 235, ""token"": ""##tes"", ""attribution"": 0.030989214777946472, ""normalised_attribution"": 0.01310714241117239}, {""token_position"": 170, ""token"": ""sodium"", ""attribution"": 0.02996332384645939, ""normalised_attribution"": 0.01267323363572359}, {""token_position"": 172, ""token"": ""corrected"", ""attribution"": 0.02746003493666649, ""normalised_attribution"": 0.011614447459578514}, {""token_position"": 197, ""token"": ""in"", ""attribution"": 0.02555709518492222, ""normalised_attribution"": 0.010809583589434624}, {""token_position"": 183, ""token"": ""administered"", ""attribution"": 0.02482287585735321, ""normalised_attribution"": 0.010499038733541965}, {""token_position"": 180, ""token"": ""fluid"", ""attribution"": 0.02162712626159191, ""normalised_attribution"": 0.009147370234131813}, {""token_position"": 163, ""token"": ""off"", ""attribution"": 0.021119870245456696, ""normalised_attribution"": 0.00893282238394022}, {""token_position"": 199, ""token"": ""was"", ""attribution"": 0.02097679302096367, ""normalised_attribution"": 0.008872306905686855}, {""token_position"": 201, ""token"": ""in"", ""attribution"": 0.020625293254852295, ""normalised_attribution"": 0.008723637089133263}, {""token_position"": 175, ""token"": ""careful"", ""attribution"": 0.02027909643948078, ""normalised_attribution"": 0.008577209897339344}, {""token_position"": 145, ""token"": ""##nat"", ""attribution"": 0.019427906721830368, ""normalised_attribution"": 0.008217192254960537}, {""token_position"": 176, ""token"": ""in"", ""attribution"": 0.019228216260671616, ""normalised_attribution"": 0.008132731541991234}]"
71,43,ae9c8f43-9439-529d-8d0f-a9c09df67006,38,Z51,38,Z51,0.2504889667034149,0.9999064247051994,272,270,250,25,50,0.006228446960449219,"[{""token_position"": 249, ""token"": ""care"", ""attribution"": 0.1181831955909729, ""normalised_attribution"": 0.031646836549043655}, {""token_position"": 55, ""token"": ""service"", ""attribution"": 0.09953097999095917, ""normalised_attribution"": 0.02665218710899353}, {""token_position"": 247, ""token"": ""##tive"", ""attribution"": 0.08863525837659836, ""normalised_attribution"": 0.023734554648399353}, {""token_position"": 184, ""token"": ""##all"", ""attribution"": 0.0752730518579483, ""normalised_attribution"": 0.02015645243227482}, {""token_position"": 185, ""token"": ""##ia"", ""attribution"": 0.07293936610221863, ""normalised_attribution"": 0.01953154429793358}, {""token_position"": 186, ""token"": ""##tive"", ""attribution"": 0.06824912875890732, ""normalised_attribution"": 0.018275601789355278}, {""token_position"": 245, ""token"": ""##all"", ""attribution"": 0.06718870252370834, ""normalised_attribution"": 0.017991643399000168}, {""token_position"": 51, ""token"": ""##all"", ""attribution"": 0.06715668737888336, ""normalised_attribution"": 0.017983071506023407}, {""token_position"": 52, ""token"": ""##ia"", ""attribution"": 0.06661837548017502, ""normalised_attribution"": 0.017838923260569572}, {""token_position"": 178, ""token"": ""planning"", ""attribution"": 0.0647440105676651, ""normalised_attribution"": 0.01733700931072235}, {""token_position"": 53, ""token"": ""##tive"", ""attribution"": 0.05984390899538994, ""normalised_attribution"": 0.016024870797991753}, {""token_position"": 188, ""token"": ""care"", ""attribution"": 0.05954042077064514, ""normalised_attribution"": 0.015943603590130806}, {""token_position"": 193, ""token"": ""pain"", ""attribution"": 0.058536380529403687, ""normalised_attribution"": 0.015674743801355362}, {""token_position"": 189, ""token"": ""review"", ""attribution"": 0.05578713119029999, ""normalised_attribution"": 0.014938555657863617}, {""token_position"": 54, ""token"": ""medicine"", ""attribution"": 0.0544750802218914, ""normalised_attribution"": 0.014587217941880226}, {""token_position"": 246, ""token"": ""##ia"", ""attribution"": 0.05374710261821747, ""normalised_attribution"": 0.014392281882464886}, {""token_position"": 50, ""token"": ""p"", ""attribution"": 0.045724496245384216, ""normalised_attribution"": 0.012244005687534809}, {""token_position"": 253, ""token"": ""."", ""attribution"": 0.04001002013683319, ""normalised_attribution"": 0.010713795199990273}, {""token_position"": 190, ""token"": ""was"", ""attribution"": 0.03924950584769249, ""normalised_attribution"": 0.010510146617889404}, {""token_position"": 172, ""token"": ""##etic"", ""attribution"": 0.03900253772735596, ""normalised_attribution"": 0.010444014333188534}, {""token_position"": 192, ""token"": ""."", ""attribution"": 0.03860755264759064, ""normalised_attribution"": 0.010338245891034603}, {""token_position"": 170, ""token"": ""anti"", ""attribution"": 0.038273487240076065, ""normalised_attribution"": 0.010248790495097637}, {""token_position"": 176, ""token"": ""-"", ""attribution"": 0.03690166026353836, ""normalised_attribution"": 0.00988144613802433}, {""token_position"": 183, ""token"": ""p"", ""attribution"": 0.03479380905628204, ""normalised_attribution"": 0.009317009709775448}, {""token_position"": 167, ""token"": ""##ges"", ""attribution"": 0.03311788663268089, ""normalised_attribution"": 0.008868235163390636}]"
72,227,b2403867-3cf1-55f4-b1d9-675d2d191c7e,10,E78,10,E78,0.573056697845459,0.9999999820213731,271,269,238,24,50,0.0003352165222167969,"[{""token_position"": 247, ""token"": ""liver"", ""attribution"": 0.25461310148239136, ""normalised_attribution"": 0.07403716444969177}, {""token_position"": 248, ""token"": ""profile"", ""attribution"": 0.16261950135231018, ""normalised_attribution"": 0.0472869910299778}, {""token_position"": 176, ""token"": ""##id"", ""attribution"": 0.09080731868743896, ""normalised_attribution"": 0.026405226439237595}, {""token_position"": 178, ""token"": ""lowering"", ""attribution"": 0.0858084186911583, ""normalised_attribution"": 0.0249516312032938}, {""token_position"": 244, ""token"": ""lip"", ""attribution"": 0.07956220209598541, ""normalised_attribution"": 0.023135337978601456}, {""token_position"": 175, ""token"": ""lip"", ""attribution"": 0.07765079289674759, ""normalised_attribution"": 0.022579532116651535}, {""token_position"": 188, ""token"": ""##iovascular"", ""attribution"": 0.06332279741764069, ""normalised_attribution"": 0.01841319352388382}, {""token_position"": 246, ""token"": ""and"", ""attribution"": 0.05617997422814369, ""normalised_attribution"": 0.01633618213236332}, {""token_position"": 245, ""token"": ""##id"", ""attribution"": 0.05575154721736908, ""normalised_attribution"": 0.016211602836847305}, {""token_position"": 200, ""token"": ""effects"", ""attribution"": 0.05515344440937042, ""normalised_attribution"": 0.01603768579661846}, {""token_position"": 136, ""token"": ""lip"", ""attribution"": 0.05000041425228119, ""normalised_attribution"": 0.014539271593093872}, {""token_position"": 194, ""token"": ""treatment"", ""attribution"": 0.04865729808807373, ""normalised_attribution"": 0.014148715883493423}, {""token_position"": 157, ""token"": ""##yper"", ""attribution"": 0.048614345490932465, ""normalised_attribution"": 0.014136225916445255}, {""token_position"": 138, ""token"": ""profile"", ""attribution"": 0.041602808982133865, ""normalised_attribution"": 0.012097390368580818}, {""token_position"": 243, ""token"": ""repeat"", ""attribution"": 0.04120505601167679, ""normalised_attribution"": 0.011981730349361897}, {""token_position"": 160, ""token"": ""##mia"", ""attribution"": 0.040957652032375336, ""normalised_attribution"": 0.01190978940576315}, {""token_position"": 185, ""token"": ""reinforced"", ""attribution"": 0.038241252303123474, ""normalised_attribution"": 0.011119906790554523}, {""token_position"": 109, ""token"": ""exercise"", ""attribution"": 0.03749906271696091, ""normalised_attribution"": 0.010904090479016304}, {""token_position"": 158, ""token"": ""##lip"", ""attribution"": 0.03366783633828163, ""normalised_attribution"": 0.009790034964680672}, {""token_position"": 137, ""token"": ""##id"", ""attribution"": 0.03351501375436783, ""normalised_attribution"": 0.009745596908032894}, {""token_position"": 95, ""token"": ""features"", ""attribution"": 0.03237893432378769, ""normalised_attribution"": 0.009415244683623314}, {""token_position"": 199, ""token"": ""adverse"", ""attribution"": 0.03235786408185959, ""normalised_attribution"": 0.009409117512404919}, {""token_position"": 184, ""token"": ""were"", ""attribution"": 0.03162851929664612, ""normalised_attribution"": 0.009197036735713482}, {""token_position"": 90, ""token"": ""lip"", ""attribution"": 0.030006609857082367, ""normalised_attribution"": 0.00872541218996048}]"
73,144,0f464f7f-508e-5785-8a21-1ebef1ea45c7,27,K76,27,K76,0.07808670401573181,0.5965583543348277,274,272,231,24,50,0.0003268718719482422,"[{""token_position"": 200, ""token"": ""remained"", ""attribution"": 0.08649151027202606, ""normalised_attribution"": 0.05904318392276764}, {""token_position"": 248, ""token"": ""liver"", ""attribution"": 0.07575485110282898, ""normalised_attribution"": 0.05171383544802666}, {""token_position"": 139, ""token"": ""liver"", ""attribution"": 0.040820978581905365, ""normalised_attribution"": 0.02786632627248764}, {""token_position"": 249, ""token"": ""profile"", ""attribution"": 0.03800886124372482, ""normalised_attribution"": 0.025946641340851784}, {""token_position"": 162, ""token"": ""liver"", ""attribution"": 0.02902943268418312, ""normalised_attribution"": 0.019816860556602478}, {""token_position"": 247, ""token"": ""repeat"", ""attribution"": 0.027293726801872253, ""normalised_attribution"": 0.018631985411047935}, {""token_position"": 251, ""token"": ""he"", ""attribution"": 0.026671867817640305, ""normalised_attribution"": 0.018207475543022156}, {""token_position"": 83, ""token"": ""liver"", ""attribution"": 0.024745240807533264, ""normalised_attribution"": 0.016892269253730774}, {""token_position"": 190, ""token"": ""liver"", ""attribution"": 0.023512620478868484, ""normalised_attribution"": 0.016050823032855988}, {""token_position"": 84, ""token"": ""tests"", ""attribution"": 0.021559197455644608, ""normalised_attribution"": 0.014717324636876583}, {""token_position"": 140, ""token"": ""profile"", ""attribution"": 0.017917905002832413, ""normalised_attribution"": 0.012231606990098953}, {""token_position"": 246, ""token"": "":"", ""attribution"": 0.017056651413440704, ""normalised_attribution"": 0.011643675155937672}, {""token_position"": 127, ""token"": ""and"", ""attribution"": 0.01679098978638649, ""normalised_attribution"": 0.011462321504950523}, {""token_position"": 252, ""token"": ""##pa"", ""attribution"": 0.016625666990876198, ""normalised_attribution"": 0.011349464766681194}, {""token_position"": 245, ""token"": ""up"", ""attribution"": 0.015455935150384903, ""normalised_attribution"": 0.010550950653851032}, {""token_position"": 141, ""token"": ""and"", ""attribution"": 0.013810901902616024, ""normalised_attribution"": 0.009427973069250584}, {""token_position"": 184, ""token"": ""were"", ""attribution"": 0.013732492923736572, ""normalised_attribution"": 0.009374447166919708}, {""token_position"": 47, ""token"": ""##pa"", ""attribution"": 0.013706895522773266, ""normalised_attribution"": 0.009356973692774773}, {""token_position"": 201, ""token"": ""stable"", ""attribution"": 0.013471998274326324, ""normalised_attribution"": 0.009196621365845203}, {""token_position"": 243, ""token"": ""follow"", ""attribution"": 0.013153381645679474, ""normalised_attribution"": 0.008979118429124355}, {""token_position"": 135, ""token"": ""and"", ""attribution"": 0.012620205990970135, ""normalised_attribution"": 0.00861514825373888}, {""token_position"": 185, ""token"": ""provided"", ""attribution"": 0.011742769740521908, ""normalised_attribution"": 0.008016168139874935}, {""token_position"": 163, ""token"": ""disease"", ""attribution"": 0.011566482484340668, ""normalised_attribution"": 0.007895826362073421}, {""token_position"": 206, ""token"": ""function"", ""attribution"": 0.01143042091280222, ""normalised_attribution"": 0.007802944630384445}]"
74,102,62538abc-5b1d-551f-b9da-a51b8c13d781,1,C50,1,C50,0.1015724390745163,0.9038686630373263,250,248,216,22,50,-0.009068965911865234,"[{""token_position"": 144, ""token"": ""breast"", ""attribution"": 0.19149808585643768, ""normalised_attribution"": 0.07359936088323593}, {""token_position"": 84, ""token"": ""breast"", ""attribution"": 0.10938812792301178, ""normalised_attribution"": 0.042041655629873276}, {""token_position"": 173, ""token"": ""bio"", ""attribution"": 0.07633528113365173, ""normalised_attribution"": 0.029338298365473747}, {""token_position"": 92, ""token"": ""breast"", ""attribution"": 0.06476101279258728, ""normalised_attribution"": 0.024889905005693436}, {""token_position"": 185, ""token"": ""bio"", ""attribution"": 0.051687091588974, ""normalised_attribution"": 0.019865144044160843}, {""token_position"": 48, ""token"": ""breast"", ""attribution"": 0.04376664385199547, ""normalised_attribution"": 0.016821041703224182}, {""token_position"": 159, ""token"": ""breast"", ""attribution"": 0.0429624505341053, ""normalised_attribution"": 0.016511961817741394}, {""token_position"": 180, ""token"": ""remained"", ""attribution"": 0.03559625893831253, ""normalised_attribution"": 0.013680878095328808}, {""token_position"": 145, ""token"": ""les"", ""attribution"": 0.03546229377388954, ""normalised_attribution"": 0.013629390858113766}, {""token_position"": 143, ""token"": ""##gnant"", ""attribution"": 0.029190167784690857, ""normalised_attribution"": 0.011218794621527195}, {""token_position"": 170, ""token"": ""-"", ""attribution"": 0.02885332889854908, ""normalised_attribution"": 0.01108933612704277}, {""token_position"": 229, ""token"": ""team"", ""attribution"": 0.026374923065304756, ""normalised_attribution"": 0.010136798955500126}, {""token_position"": 83, ""token"": ""persistent"", ""attribution"": 0.025073792785406113, ""normalised_attribution"": 0.009636729024350643}, {""token_position"": 118, ""token"": ""."", ""attribution"": 0.024678023532032967, ""normalised_attribution"": 0.009484621696174145}, {""token_position"": 186, ""token"": ""##psy"", ""attribution"": 0.024407193064689636, ""normalised_attribution"": 0.009380531497299671}, {""token_position"": 130, ""token"": ""les"", ""attribution"": 0.024188823997974396, ""normalised_attribution"": 0.009296605363488197}, {""token_position"": 174, ""token"": ""##psy"", ""attribution"": 0.022800475358963013, ""normalised_attribution"": 0.00876301433891058}, {""token_position"": 171, ""token"": ""guided"", ""attribution"": 0.02201271802186966, ""normalised_attribution"": 0.008460251614451408}, {""token_position"": 127, ""token"": ""identified"", ""attribution"": 0.02072865515947342, ""normalised_attribution"": 0.007966741919517517}, {""token_position"": 141, ""token"": ""ma"", ""attribution"": 0.020704932510852814, ""normalised_attribution"": 0.007957624271512032}, {""token_position"": 167, ""token"": ""."", ""attribution"": 0.020019622519612312, ""normalised_attribution"": 0.0076942360028624535}, {""token_position"": 49, ""token"": ""surgery"", ""attribution"": 0.018624363467097282, ""normalised_attribution"": 0.00715798931196332}]"
75,210,94bd47eb-3cf6-54e0-9de8-6142cce41482,33,R29,33,R29,0.08555152267217636,0.8506052974267656,270,268,221,23,50,-0.0036079883575439453,"[{""token_position"": 50, ""token"": ""##uro"", ""attribution"": 0.07974480092525482, ""normalised_attribution"": 0.03851728513836861}, {""token_position"": 134, ""token"": ""spinal"", ""attribution"": 0.04879754036664963, ""normalised_attribution"": 0.02356954663991928}, {""token_position"": 52, ""token"": ""service"", ""attribution"": 0.03878752514719963, ""normalised_attribution"": 0.0187346413731575}, {""token_position"": 135, ""token"": ""imaging"", ""attribution"": 0.03495735675096512, ""normalised_attribution"": 0.016884643584489822}, {""token_position"": 240, ""token"": ""##logy"", ""attribution"": 0.03336269408464432, ""normalised_attribution"": 0.016114410012960434}, {""token_position"": 51, ""token"": ""##logy"", ""attribution"": 0.03325233608484268, ""normalised_attribution"": 0.01606110669672489}, {""token_position"": 239, ""token"": ""##uro"", ""attribution"": 0.03226577490568161, ""normalised_attribution"": 0.015584590844810009}, {""token_position"": 189, ""token"": ""assessment"", ""attribution"": 0.02977570705115795, ""normalised_attribution"": 0.01438187062740326}, {""token_position"": 156, ""token"": ""##uro"", ""attribution"": 0.02928442507982254, ""normalised_attribution"": 0.014144578017294407}, {""token_position"": 127, ""token"": ""assessment"", ""attribution"": 0.028841156512498856, ""normalised_attribution"": 0.013930476270616055}, {""token_position"": 246, ""token"": ""##ap"", ""attribution"": 0.027817655354738235, ""normalised_attribution"": 0.013436118140816689}, {""token_position"": 47, ""token"": ""service"", ""attribution"": 0.023934340104460716, ""normalised_attribution"": 0.011560450308024883}, {""token_position"": 193, ""token"": ""strength"", ""attribution"": 0.023643776774406433, ""normalised_attribution"": 0.011420106515288353}, {""token_position"": 157, ""token"": ""##logical"", ""attribution"": 0.022678010165691376, ""normalised_attribution"": 0.010953634046018124}, {""token_position"": 131, ""token"": ""##logical"", ""attribution"": 0.022253941744565964, ""normalised_attribution"": 0.010748806409537792}, {""token_position"": 170, ""token"": ""rehabilitation"", ""attribution"": 0.020685553550720215, ""normalised_attribution"": 0.009991263970732689}, {""token_position"": 175, ""token"": ""##ution"", ""attribution"": 0.02065795287489891, ""normalised_attribution"": 0.009977933019399643}, {""token_position"": 248, ""token"": ""follow"", ""attribution"": 0.019953882321715355, ""normalised_attribution"": 0.009637861512601376}, {""token_position"": 245, ""token"": ""##ther"", ""attribution"": 0.0195607952773571, ""normalised_attribution"": 0.009447998367249966}, {""token_position"": 196, ""token"": ""improved"", ""attribution"": 0.01693953201174736, ""normalised_attribution"": 0.008181910030543804}, {""token_position"": 191, ""token"": ""completed"", ""attribution"": 0.016671963036060333, ""normalised_attribution"": 0.008052672259509563}, {""token_position"": 130, ""token"": ""##uro"", ""attribution"": 0.016630936414003372, ""normalised_attribution"": 0.00803285650908947}, {""token_position"": 178, ""token"": ""provided"", ""attribution"": 0.01583058387041092, ""normalised_attribution"": 0.007646280340850353}]"
76,41,91f58786-6f12-5693-a2cf-cda8bd74cfa4,28,N17,28,N17,0.11396557092666626,0.5642277138376346,274,272,210,21,50,-0.0008060932159423828,"[{""token_position"": 250, ""token"": ""##nal"", ""attribution"": 0.13612914085388184, ""normalised_attribution"": 0.06511934101581573}, {""token_position"": 249, ""token"": ""re"", ""attribution"": 0.11093749105930328, ""normalised_attribution"": 0.053068555891513824}, {""token_position"": 248, ""token"": ""repeat"", ""attribution"": 0.05232787877321243, ""normalised_attribution"": 0.02503179758787155}, {""token_position"": 247, ""token"": "":"", ""attribution"": 0.03962323069572449, ""normalised_attribution"": 0.01895434595644474}, {""token_position"": 169, ""token"": ""careful"", ""attribution"": 0.03659447282552719, ""normalised_attribution"": 0.017505494877696037}, {""token_position"": 188, ""token"": ""scanning"", ""attribution"": 0.034190721809864044, ""normalised_attribution"": 0.01635562628507614}, {""token_position"": 203, ""token"": ""##nal"", ""attribution"": 0.0334855318069458, ""normalised_attribution"": 0.01601828821003437}, {""token_position"": 191, ""token"": ""##nal"", ""attribution"": 0.030318303033709526, ""normalised_attribution"": 0.01450319867581129}, {""token_position"": 48, ""token"": ""##ph"", ""attribution"": 0.02806723490357399, ""normalised_attribution"": 0.013426368124783039}, {""token_position"": 131, ""token"": ""##nal"", ""attribution"": 0.028029941022396088, ""normalised_attribution"": 0.013408527709543705}, {""token_position"": 253, ""token"": ""1"", ""attribution"": 0.02688414230942726, ""normalised_attribution"": 0.012860418297350407}, {""token_position"": 194, ""token"": ""excluded"", ""attribution"": 0.02621782198548317, ""normalised_attribution"": 0.012541675008833408}, {""token_position"": 51, ""token"": ""service"", ""attribution"": 0.02577897533774376, ""normalised_attribution"": 0.012331745587289333}, {""token_position"": 254, ""token"": ""week"", ""attribution"": 0.022736530750989914, ""normalised_attribution"": 0.010876348242163658}, {""token_position"": 204, ""token"": ""function"", ""attribution"": 0.021043691784143448, ""normalised_attribution"": 0.010066554881632328}, {""token_position"": 90, ""token"": ""reported"", ""attribution"": 0.01902439445257187, ""normalised_attribution"": 0.00910059455782175}, {""token_position"": 193, ""token"": ""##sound"", ""attribution"": 0.018954116851091385, ""normalised_attribution"": 0.009066975675523281}, {""token_position"": 192, ""token"": ""ultra"", ""attribution"": 0.01887742429971695, ""normalised_attribution"": 0.009030289016664028}, {""token_position"": 258, ""token"": ""was"", ""attribution"": 0.018205847591161728, ""normalised_attribution"": 0.008709030225872993}, {""token_position"": 49, ""token"": ""##rol"", ""attribution"": 0.01704627275466919, ""normalised_attribution"": 0.00815433170646429}, {""token_position"": 53, ""token"": "":"", ""attribution"": 0.016759652644395828, ""normalised_attribution"": 0.0080172223970294}]"
77,129,e4ef801a-e71b-5fc2-8b38-5e8520942cf6,31,R10,31,R10,0.1008654460310936,0.9569006564973288,270,268,211,22,50,8.690357208251953e-05,"[{""token_position"": 247, ""token"": ""safety"", ""attribution"": 0.11448846012353897, ""normalised_attribution"": 0.05111697316169739}, {""token_position"": 195, ""token"": ""pain"", ""attribution"": 0.054852452129125595, ""normalised_attribution"": 0.0244906023144722}, {""token_position"": 140, ""token"": ""blood"", ""attribution"": 0.04991462081670761, ""normalised_attribution"": 0.022285953164100647}, {""token_position"": 98, ""token"": ""reported"", ""attribution"": 0.04933682084083557, ""normalised_attribution"": 0.02202797681093216}, {""token_position"": 141, ""token"": ""tests"", ""attribution"": 0.04760046675801277, ""normalised_attribution"": 0.021252725273370743}, {""token_position"": 196, ""token"": ""improved"", ""attribution"": 0.04680764675140381, ""normalised_attribution"": 0.020898746326565742}, {""token_position"": 191, ""token"": ""examinations"", ""attribution"": 0.04656222090125084, ""normalised_attribution"": 0.020789168775081635}, {""token_position"": 54, ""token"": ""##enter"", ""attribution"": 0.04415798559784889, ""normalised_attribution"": 0.019715722650289536}, {""token_position"": 127, ""token"": ""functioning"", ""attribution"": 0.042008303105831146, ""normalised_attribution"": 0.018755927681922913}, {""token_position"": 56, ""token"": ""service"", ""attribution"": 0.04006265103816986, ""normalised_attribution"": 0.017887230962514877}, {""token_position"": 53, ""token"": ""##tro"", ""attribution"": 0.03880907595157623, ""normalised_attribution"": 0.017327532172203064}, {""token_position"": 115, ""token"": ""documented"", ""attribution"": 0.03539794683456421, ""normalised_attribution"": 0.015804527327418327}, {""token_position"": 249, ""token"": ""net"", ""attribution"": 0.03509102016687393, ""normalised_attribution"": 0.015667490661144257}, {""token_position"": 178, ""token"": ""##ges"", ""attribution"": 0.027593113481998444, ""normalised_attribution"": 0.01231981348246336}, {""token_position"": 255, ""token"": ""advised"", ""attribution"": 0.025667540729045868, ""normalised_attribution"": 0.011460080742835999}, {""token_position"": 192, ""token"": ""were"", ""attribution"": 0.024712644517421722, ""normalised_attribution"": 0.011033738031983376}, {""token_position"": 130, ""token"": ""cardiac"", ""attribution"": 0.023952700197696686, ""normalised_attribution"": 0.010694436728954315}, {""token_position"": 190, ""token"": ""abdominal"", ""attribution"": 0.02385649085044861, ""normalised_attribution"": 0.010651481337845325}, {""token_position"": 250, ""token"": ""advice"", ""attribution"": 0.022712912410497665, ""normalised_attribution"": 0.01014089398086071}, {""token_position"": 257, ""token"": ""seek"", ""attribution"": 0.022407077252864838, ""normalised_attribution"": 0.010004344396293163}, {""token_position"": 268, ""token"": ""."", ""attribution"": 0.021511536091566086, ""normalised_attribution"": 0.009604502469301224}, {""token_position"": 199, ""token"": ""intake"", ""attribution"": 0.020094260573387146, ""normalised_attribution"": 0.008971714414656162}]"
78,123,0b39d8df-a6ae-583a-9161-cc4e489a3cc9,5,D50,5,D50,0.1003907322883606,0.9741823495622469,273,271,237,24,50,0.005370140075683594,"[{""token_position"": 190, ""token"": ""loss"", ""attribution"": 0.09346373379230499, ""normalised_attribution"": 0.039266616106033325}, {""token_position"": 173, ""token"": ""iron"", ""attribution"": 0.08848457038402557, ""normalised_attribution"": 0.037174735218286514}, {""token_position"": 100, ""token"": ""reported"", ""attribution"": 0.07491649687290192, ""normalised_attribution"": 0.03147442638874054}, {""token_position"": 195, ""token"": ""symptoms"", ""attribution"": 0.06525316834449768, ""normalised_attribution"": 0.027414601296186447}, {""token_position"": 174, ""token"": ""replacement"", ""attribution"": 0.05807468295097351, ""normalised_attribution"": 0.02439872920513153}, {""token_position"": 244, ""token"": ""blood"", ""attribution"": 0.055189602077007294, ""normalised_attribution"": 0.02318662963807583}, {""token_position"": 151, ""token"": ""iron"", ""attribution"": 0.055008161813020706, ""normalised_attribution"": 0.02311040088534355}, {""token_position"": 159, ""token"": ""iron"", ""attribution"": 0.051981840282678604, ""normalised_attribution"": 0.0218389630317688}, {""token_position"": 152, ""token"": ""deficiency"", ""attribution"": 0.043407659977674484, ""normalised_attribution"": 0.018236719071865082}, {""token_position"": 200, ""token"": ""requirement"", ""attribution"": 0.04111894592642784, ""normalised_attribution"": 0.017275169491767883}, {""token_position"": 245, ""token"": ""count"", ""attribution"": 0.036662064492702484, ""normalised_attribution"": 0.015402714721858501}, {""token_position"": 254, ""token"": ""."", ""attribution"": 0.030768463388085365, ""normalised_attribution"": 0.012926654890179634}, {""token_position"": 271, ""token"": ""."", ""attribution"": 0.02990224026143551, ""normalised_attribution"": 0.01256273128092289}, {""token_position"": 196, ""token"": ""improved"", ""attribution"": 0.0293833389878273, ""normalised_attribution"": 0.012344727292656898}, {""token_position"": 180, ""token"": ""were"", ""attribution"": 0.026397187262773514, ""normalised_attribution"": 0.011090165004134178}, {""token_position"": 179, ""token"": ""cause"", ""attribution"": 0.02628271095454693, ""normalised_attribution"": 0.01104207057505846}, {""token_position"": 194, ""token"": ""."", ""attribution"": 0.02577279694378376, ""normalised_attribution"": 0.010827841237187386}, {""token_position"": 160, ""token"": ""deficiency"", ""attribution"": 0.02478785812854767, ""normalised_attribution"": 0.010414042510092258}, {""token_position"": 192, ""token"": ""was"", ""attribution"": 0.02395251765847206, ""normalised_attribution"": 0.010063094086945057}, {""token_position"": 188, ""token"": ""blood"", ""attribution"": 0.02350480481982231, ""normalised_attribution"": 0.009874997660517693}, {""token_position"": 181, ""token"": ""initiated"", ""attribution"": 0.02269052527844906, ""normalised_attribution"": 0.009532896801829338}, {""token_position"": 96, ""token"": ""##ional"", ""attribution"": 0.021720126271247864, ""normalised_attribution"": 0.009125206619501114}, {""token_position"": 256, ""token"": ""patient"", ""attribution"": 0.01920236647129059, ""normalised_attribution"": 0.008067428134381771}, {""token_position"": 182, ""token"": ""."", ""attribution"": 0.018657397478818893, ""normalised_attribution"": 0.007838471792638302}]"
79,64,93510e35-e2b1-54fe-b668-6c138a10024c,1,C50,1,C50,0.09990984201431274,0.8725058122077534,256,254,217,22,50,-0.003262758255004883,"[{""token_position"": 151, ""token"": ""breast"", ""attribution"": 0.20214277505874634, ""normalised_attribution"": 0.07741792500019073}, {""token_position"": 98, ""token"": ""breast"", ""attribution"": 0.08366633951663971, ""normalised_attribution"": 0.03204306960105896}, {""token_position"": 90, ""token"": ""breast"", ""attribution"": 0.07084623724222183, ""normalised_attribution"": 0.027133144438266754}, {""token_position"": 178, ""token"": ""bio"", ""attribution"": 0.05632758140563965, ""normalised_attribution"": 0.021572696045041084}, {""token_position"": 190, ""token"": ""bio"", ""attribution"": 0.051330044865608215, ""normalised_attribution"": 0.019658707082271576}, {""token_position"": 53, ""token"": ""breast"", ""attribution"": 0.042570941150188446, ""normalised_attribution"": 0.01630409061908722}, {""token_position"": 152, ""token"": ""les"", ""attribution"": 0.04215580224990845, ""normalised_attribution"": 0.016145097091794014}, {""token_position"": 185, ""token"": ""remained"", ""attribution"": 0.04180268198251724, ""normalised_attribution"": 0.01600985787808895}, {""token_position"": 235, ""token"": ""team"", ""attribution"": 0.04148615151643753, ""normalised_attribution"": 0.015888631343841553}, {""token_position"": 164, ""token"": ""breast"", ""attribution"": 0.04105348885059357, ""normalised_attribution"": 0.01572292670607567}, {""token_position"": 127, ""token"": ""findings"", ""attribution"": 0.035917408764362335, ""normalised_attribution"": 0.013755878433585167}, {""token_position"": 191, ""token"": ""##psy"", ""attribution"": 0.03217343986034393, ""normalised_attribution"": 0.012321989051997662}, {""token_position"": 150, ""token"": ""##gnant"", ""attribution"": 0.03152545541524887, ""normalised_attribution"": 0.012073819525539875}, {""token_position"": 176, ""token"": ""guided"", ""attribution"": 0.02653258480131626, ""normalised_attribution"": 0.010161618702113628}, {""token_position"": 137, ""token"": ""les"", ""attribution"": 0.02585884928703308, ""normalised_attribution"": 0.009903586469590664}, {""token_position"": 148, ""token"": ""ma"", ""attribution"": 0.02192159742116928, ""normalised_attribution"": 0.008395672775804996}, {""token_position"": 154, ""token"": ""."", ""attribution"": 0.021311070770025253, ""normalised_attribution"": 0.008161849342286587}, {""token_position"": 149, ""token"": ""##li"", ""attribution"": 0.02059226855635643, ""normalised_attribution"": 0.007886557839810848}, {""token_position"": 175, ""token"": ""-"", ""attribution"": 0.020484115928411484, ""normalised_attribution"": 0.007845137268304825}, {""token_position"": 168, ""token"": ""treatment"", ""attribution"": 0.020381953567266464, ""normalised_attribution"": 0.007806010544300079}, {""token_position"": 174, ""token"": ""##sound"", ""attribution"": 0.0195915549993515, ""normalised_attribution"": 0.007503298576921225}, {""token_position"": 189, ""token"": ""after"", ""attribution"": 0.019205955788493156, ""normalised_attribution"": 0.0073556192219257355}]"
80,258,c1a8e8a1-e917-57af-9f2b-623c7f7a4c42,12,F10,12,F10,0.0844915360212326,0.6489214753267226,253,251,201,21,50,-0.011266589164733887,"[{""token_position"": 229, ""token"": ""alcohol"", ""attribution"": 0.12201014906167984, ""normalised_attribution"": 0.06241918355226517}, {""token_position"": 96, ""token"": ""alcohol"", ""attribution"": 0.10445199906826019, ""normalised_attribution"": 0.053436607122421265}, {""token_position"": 147, ""token"": ""alcohol"", ""attribution"": 0.07297615706920624, ""normalised_attribution"": 0.03733387961983681}, {""token_position"": 185, ""token"": ""withdrawal"", ""attribution"": 0.06951159238815308, ""normalised_attribution"": 0.035561442375183105}, {""token_position"": 169, ""token"": ""withdrawal"", ""attribution"": 0.06359777599573135, ""normalised_attribution"": 0.032535992562770844}, {""token_position"": 178, ""token"": ""alcohol"", ""attribution"": 0.06293529272079468, ""normalised_attribution"": 0.032197073101997375}, {""token_position"": 230, ""token"": ""service"", ""attribution"": 0.059502013027668, ""normalised_attribution"": 0.030440639704465866}, {""token_position"": 148, ""token"": ""use"", ""attribution"": 0.0443689338862896, ""normalised_attribution"": 0.02269870601594448}, {""token_position"": 150, ""token"": ""withdrawal"", ""attribution"": 0.041345544159412384, ""normalised_attribution"": 0.021151971071958542}, {""token_position"": 131, ""token"": ""withdrawal"", ""attribution"": 0.03955940902233124, ""normalised_attribution"": 0.020238202065229416}, {""token_position"": 97, ""token"": ""intake"", ""attribution"": 0.03812660649418831, ""normalised_attribution"": 0.019505193457007408}, {""token_position"": 172, ""token"": ""vitamin"", ""attribution"": 0.03351110965013504, ""normalised_attribution"": 0.01714395172894001}, {""token_position"": 55, ""token"": ""o"", ""attribution"": 0.03041750006377697, ""normalised_attribution"": 0.015561291016638279}, {""token_position"": 170, ""token"": ""treatment"", ""attribution"": 0.02419924922287464, ""normalised_attribution"": 0.01238009613007307}, {""token_position"": 187, ""token"": ""resolved"", ""attribution"": 0.022063840180635452, ""normalised_attribution"": 0.01128764171153307}, {""token_position"": 126, ""token"": ""and"", ""attribution"": 0.019041389226913452, ""normalised_attribution"": 0.009741385467350483}, {""token_position"": 49, ""token"": ""mental"", ""attribution"": 0.01742462068796158, ""normalised_attribution"": 0.008914262987673283}, {""token_position"": 152, ""token"": ""."", ""attribution"": 0.016664516180753708, ""normalised_attribution"": 0.00852540135383606}, {""token_position"": 227, ""token"": "":"", ""attribution"": 0.016379017382860184, ""normalised_attribution"": 0.008379342965781689}, {""token_position"": 99, ""token"": ""reported"", ""attribution"": 0.015939902514219284, ""normalised_attribution"": 0.008154695853590965}, {""token_position"": 173, ""token"": ""replacement"", ""attribution"": 0.01576957292854786, ""normalised_attribution"": 0.008067556656897068}]"
81,208,56c3b9f8-44f6-5b79-a181-52b6b6f2b9c3,7,E03,7,E03,0.08147137612104416,0.7328137803111087,266,264,225,23,50,-0.0008333921432495117,"[{""token_position"": 188, ""token"": ""remained"", ""attribution"": 0.11718432605266571, ""normalised_attribution"": 0.05818038061261177}, {""token_position"": 243, ""token"": ""tests"", ""attribution"": 0.0770457312464714, ""normalised_attribution"": 0.03825213015079498}, {""token_position"": 241, ""token"": ""##roid"", ""attribution"": 0.058550454676151276, ""normalised_attribution"": 0.029069483280181885}, {""token_position"": 242, ""token"": ""function"", ""attribution"": 0.05089034512639046, ""normalised_attribution"": 0.025266345590353012}, {""token_position"": 53, ""token"": ""##logy"", ""attribution"": 0.041207388043403625, ""normalised_attribution"": 0.020458891987800598}, {""token_position"": 134, ""token"": ""function"", ""attribution"": 0.03984716907143593, ""normalised_attribution"": 0.019783562049269676}, {""token_position"": 239, ""token"": ""repeat"", ""attribution"": 0.03631671145558357, ""normalised_attribution"": 0.018030740320682526}, {""token_position"": 240, ""token"": ""thy"", ""attribution"": 0.03511754050850868, ""normalised_attribution"": 0.01743536815047264}, {""token_position"": 133, ""token"": ""##roid"", ""attribution"": 0.03441409766674042, ""normalised_attribution"": 0.017086118459701538}, {""token_position"": 170, ""token"": ""##roid"", ""attribution"": 0.033225029706954956, ""normalised_attribution"": 0.016495762392878532}, {""token_position"": 238, ""token"": "":"", ""attribution"": 0.02982233837246895, ""normalised_attribution"": 0.014806373976171017}, {""token_position"": 184, ""token"": ""completed"", ""attribution"": 0.028622593730688095, ""normalised_attribution"": 0.014210717752575874}, {""token_position"": 121, ""token"": ""respiratory"", ""attribution"": 0.027418654412031174, ""normalised_attribution"": 0.013612979091703892}, {""token_position"": 171, ""token"": ""replacement"", ""attribution"": 0.02614022232592106, ""normalised_attribution"": 0.012978254817426205}, {""token_position"": 244, ""token"": ""in"", ""attribution"": 0.02584138885140419, ""normalised_attribution"": 0.012829888612031937}, {""token_position"": 194, ""token"": ""plan"", ""attribution"": 0.021568380296230316, ""normalised_attribution"": 0.01070839911699295}, {""token_position"": 112, ""token"": ""previous"", ""attribution"": 0.021471910178661346, ""normalised_attribution"": 0.010660503059625626}, {""token_position"": 192, ""token"": ""clear"", ""attribution"": 0.021338216960430145, ""normalised_attribution"": 0.010594126768410206}, {""token_position"": 142, ""token"": ""hormone"", ""attribution"": 0.021188553422689438, ""normalised_attribution"": 0.010519820265471935}, {""token_position"": 189, ""token"": ""stable"", ""attribution"": 0.02050808072090149, ""normalised_attribution"": 0.010181975550949574}, {""token_position"": 135, ""token"": ""testing"", ""attribution"": 0.020312419161200523, ""normalised_attribution"": 0.010084832087159157}, {""token_position"": 173, ""token"": ""adjusted"", ""attribution"": 0.020111212506890297, ""normalised_attribution"": 0.009984935633838177}, {""token_position"": 190, ""token"": ""with"", ""attribution"": 0.01924305409193039, ""normalised_attribution"": 0.009553907439112663}]"
82,229,f9f2746b-5aa2-5587-bb3f-a538ed88b3d2,5,D50,5,D50,0.1001720130443573,0.9736326180532724,271,269,237,24,50,0.005090951919555664,"[{""token_position"": 188, ""token"": ""loss"", ""attribution"": 0.1009817123413086, ""normalised_attribution"": 0.0423143208026886}, {""token_position"": 171, ""token"": ""iron"", ""attribution"": 0.09427681565284729, ""normalised_attribution"": 0.039504773914813995}, {""token_position"": 147, ""token"": ""iron"", ""attribution"": 0.06566045433282852, ""normalised_attribution"": 0.027513671666383743}, {""token_position"": 193, ""token"": ""symptoms"", ""attribution"": 0.05945887416601181, ""normalised_attribution"": 0.024915026500821114}, {""token_position"": 172, ""token"": ""replacement"", ""attribution"": 0.051170945167541504, ""normalised_attribution"": 0.02144213765859604}, {""token_position"": 242, ""token"": ""blood"", ""attribution"": 0.04955359175801277, ""normalised_attribution"": 0.020764419808983803}, {""token_position"": 96, ""token"": ""reported"", ""attribution"": 0.043192241340875626, ""normalised_attribution"": 0.018098825588822365}, {""token_position"": 155, ""token"": ""iron"", ""attribution"": 0.04266937077045441, ""normalised_attribution"": 0.017879728227853775}, {""token_position"": 198, ""token"": ""requirement"", ""attribution"": 0.03797733783721924, ""normalised_attribution"": 0.015913626179099083}, {""token_position"": 186, ""token"": ""blood"", ""attribution"": 0.03685674071311951, ""normalised_attribution"": 0.01544406358152628}, {""token_position"": 148, ""token"": ""deficiency"", ""attribution"": 0.03363263979554176, ""normalised_attribution"": 0.014093070290982723}, {""token_position"": 192, ""token"": ""."", ""attribution"": 0.03313472867012024, ""normalised_attribution"": 0.01388443075120449}, {""token_position"": 194, ""token"": ""improved"", ""attribution"": 0.03303035348653793, ""normalised_attribution"": 0.013840693980455399}, {""token_position"": 269, ""token"": ""."", ""attribution"": 0.03207177668809891, ""normalised_attribution"": 0.01343902200460434}, {""token_position"": 252, ""token"": ""."", ""attribution"": 0.02964209020137787, ""normalised_attribution"": 0.012420912273228168}, {""token_position"": 177, ""token"": ""cause"", ""attribution"": 0.028131764382123947, ""normalised_attribution"": 0.011788040399551392}, {""token_position"": 178, ""token"": ""were"", ""attribution"": 0.027753034606575966, ""normalised_attribution"": 0.01162934210151434}, {""token_position"": 92, ""token"": ""##ional"", ""attribution"": 0.024877747520804405, ""normalised_attribution"": 0.010424511507153511}, {""token_position"": 179, ""token"": ""initiated"", ""attribution"": 0.023149926215410233, ""normalised_attribution"": 0.009700503200292587}, {""token_position"": 93, ""token"": ""breathless"", ""attribution"": 0.02250039577484131, ""normalised_attribution"": 0.009428330697119236}, {""token_position"": 196, ""token"": ""trans"", ""attribution"": 0.022345077246427536, ""normalised_attribution"": 0.009363248012959957}, {""token_position"": 190, ""token"": ""was"", ""attribution"": 0.022297684103250504, ""normalised_attribution"": 0.009343388490378857}, {""token_position"": 243, ""token"": ""count"", ""attribution"": 0.021220974624156952, ""normalised_attribution"": 0.00889221578836441}, {""token_position"": 199, ""token"": ""."", ""attribution"": 0.019960906356573105, ""normalised_attribution"": 0.008364209905266762}]"
83,275,dea79b1f-2651-5726-b9ea-e7c0bdd2da1d,34,U07,34,U07,0.09823334962129593,0.9554586980860286,254,252,194,20,50,0.000687718391418457,"[{""token_position"": 172, ""token"": ""oxygen"", ""attribution"": 0.10214076936244965, ""normalised_attribution"": 0.05921094864606857}, {""token_position"": 228, ""token"": ""viral"", ""attribution"": 0.08889716118574142, ""normalised_attribution"": 0.05153363570570946}, {""token_position"": 50, ""token"": ""infectious"", ""attribution"": 0.059489987790584564, ""normalised_attribution"": 0.0344863124191761}, {""token_position"": 178, ""token"": ""##ation"", ""attribution"": 0.052478451281785965, ""normalised_attribution"": 0.030421728268265724}, {""token_position"": 175, ""token"": ""provided"", ""attribution"": 0.04728627949953079, ""normalised_attribution"": 0.02741182968020439}, {""token_position"": 51, ""token"": ""diseases"", ""attribution"": 0.04215216264128685, ""normalised_attribution"": 0.024435585364699364}, {""token_position"": 173, ""token"": ""monitoring"", ""attribution"": 0.040600452572107315, ""normalised_attribution"": 0.023536060005426407}, {""token_position"": 179, ""token"": ""improved"", ""attribution"": 0.03677954152226448, ""normalised_attribution"": 0.02132107876241207}, {""token_position"": 90, ""token"": ""reported"", ""attribution"": 0.03544339910149574, ""normalised_attribution"": 0.02054651826620102}, {""token_position"": 230, ""token"": ""review"", ""attribution"": 0.03521941602230072, ""normalised_attribution"": 0.02041667513549328}, {""token_position"": 181, ""token"": ""fever"", ""attribution"": 0.03200947493314743, ""normalised_attribution"": 0.01855587400496006}, {""token_position"": 168, ""token"": ""provided"", ""attribution"": 0.026344476267695427, ""normalised_attribution"": 0.015271877869963646}, {""token_position"": 176, ""token"": ""."", ""attribution"": 0.02517109364271164, ""normalised_attribution"": 0.014591668732464314}, {""token_position"": 182, ""token"": ""resolved"", ""attribution"": 0.023888852447271347, ""normalised_attribution"": 0.013848354108631611}, {""token_position"": 161, ""token"": ""oxygen"", ""attribution"": 0.021739531308412552, ""normalised_attribution"": 0.012602394446730614}, {""token_position"": 106, ""token"": ""documented"", ""attribution"": 0.02151978760957718, ""normalised_attribution"": 0.012475009076297283}, {""token_position"": 171, ""token"": ""##al"", ""attribution"": 0.021023467183113098, ""normalised_attribution"": 0.012187291868031025}, {""token_position"": 174, ""token"": ""was"", ""attribution"": 0.02069695107638836, ""normalised_attribution"": 0.01199801079928875}, {""token_position"": 170, ""token"": ""supplement"", ""attribution"": 0.01628105901181698, ""normalised_attribution"": 0.009438120760023594}, {""token_position"": 226, ""token"": ""post"", ""attribution"": 0.016273681074380875, ""normalised_attribution"": 0.00943384412676096}]"
84,113,dadb832a-d50f-5f5a-8ffb-2619d0df496e,34,U07,34,U07,0.10164131969213486,0.9633782055996992,251,249,192,20,50,0.0013488531112670898,"[{""token_position"": 171, ""token"": ""oxygen"", ""attribution"": 0.1011020764708519, ""normalised_attribution"": 0.05815574526786804}, {""token_position"": 225, ""token"": ""viral"", ""attribution"": 0.06958578526973724, ""normalised_attribution"": 0.04002700373530388}, {""token_position"": 177, ""token"": ""##ation"", ""attribution"": 0.05172986909747124, ""normalised_attribution"": 0.029755957424640656}, {""token_position"": 172, ""token"": ""monitoring"", ""attribution"": 0.04894910007715225, ""normalised_attribution"": 0.028156409040093422}, {""token_position"": 227, ""token"": ""review"", ""attribution"": 0.04808695986866951, ""normalised_attribution"": 0.027660489082336426}, {""token_position"": 174, ""token"": ""provided"", ""attribution"": 0.046475887298583984, ""normalised_attribution"": 0.026733770966529846}, {""token_position"": 178, ""token"": ""improved"", ""attribution"": 0.040992289781570435, ""normalised_attribution"": 0.02357950620353222}, {""token_position"": 45, ""token"": ""infectious"", ""attribution"": 0.03787030279636383, ""normalised_attribution"": 0.021783683449029922}, {""token_position"": 176, ""token"": ""oxygen"", ""attribution"": 0.03491711616516113, ""normalised_attribution"": 0.020084956660866737}, {""token_position"": 87, ""token"": ""reported"", ""attribution"": 0.03228235989809036, ""normalised_attribution"": 0.018569396808743477}, {""token_position"": 160, ""token"": ""oxygen"", ""attribution"": 0.030917732045054436, ""normalised_attribution"": 0.017784439027309418}, {""token_position"": 181, ""token"": ""resolved"", ""attribution"": 0.030061520636081696, ""normalised_attribution"": 0.017291931435465813}, {""token_position"": 180, ""token"": ""fever"", ""attribution"": 0.02784530445933342, ""normalised_attribution"": 0.016017122194170952}, {""token_position"": 167, ""token"": ""provided"", ""attribution"": 0.027310866862535477, ""normalised_attribution"": 0.015709705650806427}, {""token_position"": 170, ""token"": ""##al"", ""attribution"": 0.024992574006319046, ""normalised_attribution"": 0.014376181177794933}, {""token_position"": 226, ""token"": ""recovery"", ""attribution"": 0.024382296949625015, ""normalised_attribution"": 0.014025138691067696}, {""token_position"": 46, ""token"": ""diseases"", ""attribution"": 0.021707268431782722, ""normalised_attribution"": 0.012486414052546024}, {""token_position"": 173, ""token"": ""was"", ""attribution"": 0.02056036703288555, ""normalised_attribution"": 0.011826694943010807}, {""token_position"": 175, ""token"": ""."", ""attribution"": 0.02024485543370247, ""normalised_attribution"": 0.011645207181572914}, {""token_position"": 185, ""token"": ""de"", ""attribution"": 0.02013923041522503, ""normalised_attribution"": 0.01158444955945015}]"
85,267,ea80613f-5a80-529a-84e1-014785b91578,31,R10,31,R10,0.10529366135597229,0.9224540530678312,262,260,217,22,50,0.0009970664978027344,"[{""token_position"": 239, ""token"": ""safety"", ""attribution"": 0.09823482483625412, ""normalised_attribution"": 0.04418126866221428}, {""token_position"": 94, ""token"": ""reported"", ""attribution"": 0.052021291106939316, ""normalised_attribution"": 0.023396657779812813}, {""token_position"": 132, ""token"": ""blood"", ""attribution"": 0.0485556423664093, ""normalised_attribution"": 0.021837975829839706}, {""token_position"": 114, ""token"": ""disease"", ""attribution"": 0.04267051815986633, ""normalised_attribution"": 0.019191132858395576}, {""token_position"": 180, ""token"": ""abdominal"", ""attribution"": 0.03557032719254494, ""normalised_attribution"": 0.015997810289263725}, {""token_position"": 51, ""token"": ""##enter"", ""attribution"": 0.03520068898797035, ""normalised_attribution"": 0.015831565484404564}, {""token_position"": 111, ""token"": ""documented"", ""attribution"": 0.035134412348270416, ""normalised_attribution"": 0.01580175757408142}, {""token_position"": 185, ""token"": ""pain"", ""attribution"": 0.03454102203249931, ""normalised_attribution"": 0.015534878708422184}, {""token_position"": 182, ""token"": ""were"", ""attribution"": 0.0342552587389946, ""normalised_attribution"": 0.015406356193125248}, {""token_position"": 242, ""token"": ""advice"", ""attribution"": 0.03263276815414429, ""normalised_attribution"": 0.014676638878881931}, {""token_position"": 133, ""token"": ""tests"", ""attribution"": 0.032429903745651245, ""normalised_attribution"": 0.014585400000214577}, {""token_position"": 186, ""token"": ""improved"", ""attribution"": 0.03113504871726036, ""normalised_attribution"": 0.014003037475049496}, {""token_position"": 181, ""token"": ""examinations"", ""attribution"": 0.03009856678545475, ""normalised_attribution"": 0.013536877930164337}, {""token_position"": 226, ""token"": ""community"", ""attribution"": 0.02768729254603386, ""normalised_attribution"": 0.012452403083443642}, {""token_position"": 113, ""token"": ""kidney"", ""attribution"": 0.027515888214111328, ""normalised_attribution"": 0.01237531378865242}, {""token_position"": 53, ""token"": ""service"", ""attribution"": 0.025669055059552193, ""normalised_attribution"": 0.011544697917997837}, {""token_position"": 179, ""token"": ""serial"", ""attribution"": 0.025039508938789368, ""normalised_attribution"": 0.011261558160185814}, {""token_position"": 112, ""token"": ""chronic"", ""attribution"": 0.023116156458854675, ""normalised_attribution"": 0.01039652805775404}, {""token_position"": 108, ""token"": ""previous"", ""attribution"": 0.022692736238241196, ""normalised_attribution"": 0.01020609401166439}, {""token_position"": 50, ""token"": ""##tro"", ""attribution"": 0.021844524890184402, ""normalised_attribution"": 0.009824609383940697}, {""token_position"": 247, ""token"": ""advised"", ""attribution"": 0.02166949212551117, ""normalised_attribution"": 0.009745888411998749}, {""token_position"": 189, ""token"": ""intake"", ""attribution"": 0.02087879739701748, ""normalised_attribution"": 0.009390272200107574}]"
86,358,cdc1a19a-23b2-5351-986e-66a239c0febb,7,E03,7,E03,0.0865829735994339,0.8220280726555425,270,268,237,24,50,0.004453063011169434,"[{""token_position"": 195, ""token"": ""remained"", ""attribution"": 0.16374415159225464, ""normalised_attribution"": 0.07525449246168137}, {""token_position"": 245, ""token"": ""##roid"", ""attribution"": 0.09244988858699799, ""normalised_attribution"": 0.04248866066336632}, {""token_position"": 247, ""token"": ""tests"", ""attribution"": 0.07875430583953857, ""normalised_attribution"": 0.036194365471601486}, {""token_position"": 138, ""token"": ""##roid"", ""attribution"": 0.06287940591573715, ""normalised_attribution"": 0.028898485004901886}, {""token_position"": 139, ""token"": ""function"", ""attribution"": 0.055883198976516724, ""normalised_attribution"": 0.025683127343654633}, {""token_position"": 246, ""token"": ""function"", ""attribution"": 0.054381031543016434, ""normalised_attribution"": 0.024992752820253372}, {""token_position"": 52, ""token"": ""##logy"", ""attribution"": 0.04120258241891861, ""normalised_attribution"": 0.018936123698949814}, {""token_position"": 244, ""token"": ""thy"", ""attribution"": 0.04025790095329285, ""normalised_attribution"": 0.01850196160376072}, {""token_position"": 243, ""token"": ""repeat"", ""attribution"": 0.03794185072183609, ""normalised_attribution"": 0.017437538132071495}, {""token_position"": 140, ""token"": ""testing"", ""attribution"": 0.03402310609817505, ""normalised_attribution"": 0.015636537224054337}, {""token_position"": 248, ""token"": ""in"", ""attribution"": 0.0337563119828701, ""normalised_attribution"": 0.015513923019170761}, {""token_position"": 177, ""token"": ""##roid"", ""attribution"": 0.026964399963617325, ""normalised_attribution"": 0.012392456643283367}, {""token_position"": 187, ""token"": ""##rine"", ""attribution"": 0.02626325562596321, ""normalised_attribution"": 0.012070219963788986}, {""token_position"": 191, ""token"": ""completed"", ""attribution"": 0.023463688790798187, ""normalised_attribution"": 0.01078357920050621}, {""token_position"": 176, ""token"": ""thy"", ""attribution"": 0.022003687918186188, ""normalised_attribution"": 0.010112583637237549}, {""token_position"": 137, ""token"": ""thy"", ""attribution"": 0.021173754706978798, ""normalised_attribution"": 0.009731157682836056}, {""token_position"": 201, ""token"": ""plan"", ""attribution"": 0.02103579044342041, ""normalised_attribution"": 0.009667751379311085}, {""token_position"": 51, ""token"": ""##rino"", ""attribution"": 0.020892875269055367, ""normalised_attribution"": 0.009602069854736328}, {""token_position"": 242, ""token"": "":"", ""attribution"": 0.020320575684309006, ""normalised_attribution"": 0.009339048527181149}, {""token_position"": 239, ""token"": ""follow"", ""attribution"": 0.019569074735045433, ""normalised_attribution"": 0.008993669413030148}, {""token_position"": 252, ""token"": ""the"", ""attribution"": 0.019251873716711998, ""normalised_attribution"": 0.008847888559103012}, {""token_position"": 147, ""token"": ""hormone"", ""attribution"": 0.019026033580303192, ""normalised_attribution"": 0.00874409545212984}, {""token_position"": 199, ""token"": ""clear"", ""attribution"": 0.018698610365390778, ""normalised_attribution"": 0.008593617007136345}, {""token_position"": 259, ""token"": ""clinical"", ""attribution"": 0.018235262483358383, ""normalised_attribution"": 0.008380668237805367}]"
87,18,a1102f7a-0004-5a81-9354-b3161dc7cf59,19,J18,41,Z87,0.07783818989992142,0.6014595459238581,267,265,181,19,50,-0.0012271404266357422,"[{""token_position"": 171, ""token"": ""##bial"", ""attribution"": 0.2909230887889862, ""normalised_attribution"": 0.07447163760662079}, {""token_position"": 241, ""token"": ""chest"", ""attribution"": 0.14514386653900146, ""normalised_attribution"": 0.03715449944138527}, {""token_position"": 170, ""token"": ""##ro"", ""attribution"": 0.07781532406806946, ""normalised_attribution"": 0.01991947367787361}, {""token_position"": 192, ""token"": ""fever"", ""attribution"": 0.0731191635131836, ""normalised_attribution"": 0.018717331811785698}, {""token_position"": 186, ""token"": ""##put"", ""attribution"": 0.06311780959367752, ""normalised_attribution"": 0.01615714468061924}, {""token_position"": 172, ""token"": ""therapy"", ""attribution"": 0.06025061756372452, ""normalised_attribution"": 0.015423190779983997}, {""token_position"": 49, ""token"": ""respiratory"", ""attribution"": 0.05738142877817154, ""normalised_attribution"": 0.014688723720610142}, {""token_position"": 169, ""token"": ""##mic"", ""attribution"": 0.05652718245983124, ""normalised_attribution"": 0.014470051042735577}, {""token_position"": 187, ""token"": ""##um"", ""attribution"": 0.05330570787191391, ""normalised_attribution"": 0.013645404949784279}, {""token_position"": 240, ""token"": ""repeat"", ""attribution"": 0.05186645686626434, ""normalised_attribution"": 0.013276980258524418}, {""token_position"": 87, ""token"": ""cough"", ""attribution"": 0.051054708659648895, ""normalised_attribution"": 0.013069185428321362}, {""token_position"": 50, ""token"": ""medicine"", ""attribution"": 0.050562359392642975, ""normalised_attribution"": 0.012943152338266373}, {""token_position"": 133, ""token"": ""chest"", ""attribution"": 0.04816260561347008, ""normalised_attribution"": 0.012328853830695152}, {""token_position"": 168, ""token"": ""anti"", ""attribution"": 0.04442155361175537, ""normalised_attribution"": 0.011371204629540443}, {""token_position"": 98, ""token"": ""cough"", ""attribution"": 0.04342619702219963, ""normalised_attribution"": 0.011116408742964268}, {""token_position"": 138, ""token"": ""air"", ""attribution"": 0.03960362821817398, ""normalised_attribution"": 0.010137892328202724}, {""token_position"": 238, ""token"": ""up"", ""attribution"": 0.03838295489549637, ""normalised_attribution"": 0.009825419634580612}, {""token_position"": 185, ""token"": ""s"", ""attribution"": 0.03791237622499466, ""normalised_attribution"": 0.009704959578812122}, {""token_position"": 236, ""token"": ""follow"", ""attribution"": 0.03597494587302208, ""normalised_attribution"": 0.00920900795608759}]"
88,280,d121b041-4427-5d53-93ac-76946082bbde,22,J90,41,Z87,0.12295486032962799,0.948502636514431,277,275,221,23,50,-0.0018360614776611328,"[{""token_position"": 255, ""token"": ""##ural"", ""attribution"": 0.0973815768957138, ""normalised_attribution"": 0.029240325093269348}, {""token_position"": 51, ""token"": ""respiratory"", ""attribution"": 0.09447650611400604, ""normalised_attribution"": 0.028368033468723297}, {""token_position"": 250, ""token"": ""respiratory"", ""attribution"": 0.08383379876613617, ""normalised_attribution"": 0.025172395631670952}, {""token_position"": 251, ""token"": ""clinic"", ""attribution"": 0.07375103235244751, ""normalised_attribution"": 0.02214488945901394}, {""token_position"": 135, ""token"": ""chest"", ""attribution"": 0.05771108716726303, ""normalised_attribution"": 0.017328647896647453}, {""token_position"": 127, ""token"": ""clinical"", ""attribution"": 0.05360924452543259, ""normalised_attribution"": 0.01609700545668602}, {""token_position"": 53, ""token"": ""service"", ""attribution"": 0.05044127255678177, ""normalised_attribution"": 0.015145773068070412}, {""token_position"": 160, ""token"": ""##le"", ""attribution"": 0.04874517023563385, ""normalised_attribution"": 0.014636492356657982}, {""token_position"": 253, ""token"": ""p"", ""attribution"": 0.0427132211625576, ""normalised_attribution"": 0.012825305573642254}, {""token_position"": 145, ""token"": ""##ural"", ""attribution"": 0.0426664762198925, ""normalised_attribution"": 0.012811269611120224}, {""token_position"": 256, ""token"": ""fluid"", ""attribution"": 0.042407579720020294, ""normalised_attribution"": 0.01273353211581707}, {""token_position"": 161, ""token"": ""##ural"", ""attribution"": 0.04046088457107544, ""normalised_attribution"": 0.012149007059633732}, {""token_position"": 197, ""token"": ""##le"", ""attribution"": 0.03833184391260147, ""normalised_attribution"": 0.01150972954928875}, {""token_position"": 49, ""token"": ""service"", ""attribution"": 0.03604668006300926, ""normalised_attribution"": 0.010823573917150497}, {""token_position"": 193, ""token"": ""##sound"", ""attribution"": 0.035047709941864014, ""normalised_attribution"": 0.010523617267608643}, {""token_position"": 111, ""token"": ""background"", ""attribution"": 0.034723345190286636, ""normalised_attribution"": 0.01042622234672308}, {""token_position"": 198, ""token"": ""##ural"", ""attribution"": 0.03301818296313286, ""normalised_attribution"": 0.009914220310747623}, {""token_position"": 196, ""token"": ""p"", ""attribution"": 0.032791778445243835, ""normalised_attribution"": 0.009846239350736141}, {""token_position"": 192, ""token"": ""ultra"", ""attribution"": 0.032675765454769135, ""normalised_attribution"": 0.009811404161155224}, {""token_position"": 202, ""token"": ""completed"", ""attribution"": 0.031292207539081573, ""normalised_attribution"": 0.009395970031619072}, {""token_position"": 144, ""token"": ""##le"", ""attribution"": 0.029538020491600037, ""normalised_attribution"": 0.008869247511029243}, {""token_position"": 108, ""token"": ""cough"", ""attribution"": 0.029432056471705437, ""normalised_attribution"": 0.008837430737912655}, {""token_position"": 246, ""token"": ""follow"", ""attribution"": 0.02822844125330448, ""normalised_attribution"": 0.008476026356220245}]"
89,16,3a6f21c7-9786-5dee-a391-9bf97662a094,11,E87,11,E87,0.2648336589336395,0.9997386585270837,265,263,241,25,50,-0.0016100406646728516,"[{""token_position"": 239, ""token"": ""electro"", ""attribution"": 0.12415327876806259, ""normalised_attribution"": 0.053801748901605606}, {""token_position"": 134, ""token"": ""sodium"", ""attribution"": 0.11531246453523636, ""normalised_attribution"": 0.0499705895781517}, {""token_position"": 201, ""token"": ""chloride"", ""attribution"": 0.09449043869972229, ""normalised_attribution"": 0.04094737768173218}, {""token_position"": 240, ""token"": ""##ly"", ""attribution"": 0.09063739329576492, ""normalised_attribution"": 0.039277661591768265}, {""token_position"": 193, ""token"": ""sodium"", ""attribution"": 0.06356078386306763, ""normalised_attribution"": 0.02754402905702591}, {""token_position"": 200, ""token"": ""sodium"", ""attribution"": 0.04806073009967804, ""normalised_attribution"": 0.02082708850502968}, {""token_position"": 194, ""token"": ""concentration"", ""attribution"": 0.04796173423528671, ""normalised_attribution"": 0.02078418992459774}, {""token_position"": 175, ""token"": ""sodium"", ""attribution"": 0.04181294143199921, ""normalised_attribution"": 0.018119612708687782}, {""token_position"": 129, ""token"": ""electro"", ""attribution"": 0.032957665622234344, ""normalised_attribution"": 0.014282184652984142}, {""token_position"": 238, ""token"": ""repeat"", ""attribution"": 0.03169733285903931, ""normalised_attribution"": 0.013736020773649216}, {""token_position"": 177, ""token"": ""corrected"", ""attribution"": 0.02854219451546669, ""normalised_attribution"": 0.012368743307888508}, {""token_position"": 241, ""token"": ""##tes"", ""attribution"": 0.02764572575688362, ""normalised_attribution"": 0.011980258859694004}, {""token_position"": 195, ""token"": ""improved"", ""attribution"": 0.025600425899028778, ""normalised_attribution"": 0.011093929409980774}, {""token_position"": 202, ""token"": ""in"", ""attribution"": 0.023318585008382797, ""normalised_attribution"": 0.010105094872415066}, {""token_position"": 130, ""token"": ""##ly"", ""attribution"": 0.023207083344459534, ""normalised_attribution"": 0.010056775994598866}, {""token_position"": 206, ""token"": ""in"", ""attribution"": 0.02123183198273182, ""normalised_attribution"": 0.009200802072882652}, {""token_position"": 133, ""token"": ""low"", ""attribution"": 0.0210745707154274, ""normalised_attribution"": 0.009132652543485165}, {""token_position"": 203, ""token"": ""##fusion"", ""attribution"": 0.02105010487139225, ""normalised_attribution"": 0.009122050367295742}, {""token_position"": 168, ""token"": ""off"", ""attribution"": 0.02055434137582779, ""normalised_attribution"": 0.008907211944460869}, {""token_position"": 174, ""token"": ""and"", ""attribution"": 0.02032313123345375, ""normalised_attribution"": 0.008807016536593437}, {""token_position"": 263, ""token"": ""."", ""attribution"": 0.020280560478568077, ""normalised_attribution"": 0.008788568899035454}, {""token_position"": 204, ""token"": ""was"", ""attribution"": 0.019136451184749603, ""normalised_attribution"": 0.008292770013213158}, {""token_position"": 188, ""token"": ""administered"", ""attribution"": 0.018713850528001785, ""normalised_attribution"": 0.008109635673463345}, {""token_position"": 117, ""token"": ""##mia"", ""attribution"": 0.01788961887359619, ""normalised_attribution"": 0.007752455770969391}, {""token_position"": 159, ""token"": ""."", ""attribution"": 0.017365984618663788, ""normalised_attribution"": 0.0075255390256643295}]"
90,159,9f96207f-3276-5ec0-9fe0-091aec430ccf,24,K29,24,K29,0.07153983414173126,0.8157417949212084,278,276,220,22,50,0.001458883285522461,"[{""token_position"": 258, ""token"": ""infection"", ""attribution"": 0.1610606163740158, ""normalised_attribution"": 0.06229490041732788}, {""token_position"": 135, ""token"": ""tests"", ""attribution"": 0.07193630188703537, ""normalised_attribution"": 0.027823466807603836}, {""token_position"": 134, ""token"": ""blood"", ""attribution"": 0.06015827879309654, ""normalised_attribution"": 0.023267973214387894}, {""token_position"": 254, ""token"": ""testing"", ""attribution"": 0.05597943067550659, ""normalised_attribution"": 0.021651681512594223}, {""token_position"": 196, ""token"": ""when"", ""attribution"": 0.04211833328008652, ""normalised_attribution"": 0.01629049703478813}, {""token_position"": 257, ""token"": ""##tric"", ""attribution"": 0.04199361428618431, ""normalised_attribution"": 0.01624225825071335}, {""token_position"": 175, ""token"": ""##em"", ""attribution"": 0.04021569713950157, ""normalised_attribution"": 0.015554596669971943}, {""token_position"": 172, ""token"": ""suppression"", ""attribution"": 0.03790023922920227, ""normalised_attribution"": 0.014659025706350803}, {""token_position"": 126, ""token"": ""admission"", ""attribution"": 0.03287547081708908, ""normalised_attribution"": 0.01271554920822382}, {""token_position"": 193, ""token"": ""##copy"", ""attribution"": 0.03130863606929779, ""normalised_attribution"": 0.012109530158340931}, {""token_position"": 182, ""token"": ""were"", ""attribution"": 0.030475031584501266, ""normalised_attribution"": 0.011787109076976776}, {""token_position"": 203, ""token"": ""nausea"", ""attribution"": 0.030342645943164825, ""normalised_attribution"": 0.011735904961824417}, {""token_position"": 177, ""token"": ""treatment"", ""attribution"": 0.029775969684123993, ""normalised_attribution"": 0.011516726575791836}, {""token_position"": 52, ""token"": ""##enter"", ""attribution"": 0.029640857130289078, ""normalised_attribution"": 0.011464468203485012}, {""token_position"": 255, ""token"": ""for"", ""attribution"": 0.02920689806342125, ""normalised_attribution"": 0.011296621523797512}, {""token_position"": 153, ""token"": ""##tri"", ""attribution"": 0.028312545269727707, ""normalised_attribution"": 0.010950704105198383}, {""token_position"": 191, ""token"": ""end"", ""attribution"": 0.027933593839406967, ""normalised_attribution"": 0.010804134421050549}, {""token_position"": 51, ""token"": ""##tro"", ""attribution"": 0.027613038197159767, ""normalised_attribution"": 0.010680149309337139}, {""token_position"": 180, ""token"": ""##ary"", ""attribution"": 0.027096018195152283, ""normalised_attribution"": 0.010480176657438278}, {""token_position"": 152, ""token"": ""gas"", ""attribution"": 0.026849113404750824, ""normalised_attribution"": 0.010384679771959782}, {""token_position"": 50, ""token"": ""gas"", ""attribution"": 0.024174265563488007, ""normalised_attribution"": 0.009350104257464409}, {""token_position"": 186, ""token"": ""gas"", ""attribution"": 0.023392274975776672, ""normalised_attribution"": 0.009047646075487137}]"
91,27,95789e12-8fd7-533a-b9ca-e93f40e98dac,14,F32,14,F32,0.08096996694803238,0.7782423035952674,269,267,226,23,50,-0.0027589797973632812,"[{""token_position"": 243, ""token"": ""mental"", ""attribution"": 0.11151733994483948, ""normalised_attribution"": 0.05155886709690094}, {""token_position"": 186, ""token"": ""mental"", ""attribution"": 0.11088741570711136, ""normalised_attribution"": 0.051267631351947784}, {""token_position"": 49, ""token"": ""mental"", ""attribution"": 0.09125013649463654, ""normalised_attribution"": 0.04218854010105133}, {""token_position"": 245, ""token"": ""health"", ""attribution"": 0.07697518169879913, ""normalised_attribution"": 0.035588666796684265}, {""token_position"": 188, ""token"": ""health"", ""attribution"": 0.07535064220428467, ""normalised_attribution"": 0.03483757749199867}, {""token_position"": 185, ""token"": ""##disciplinary"", ""attribution"": 0.04629179462790489, ""normalised_attribution"": 0.021402524784207344}, {""token_position"": 135, ""token"": ""mental"", ""attribution"": 0.04559187591075897, ""normalised_attribution"": 0.02107892371714115}, {""token_position"": 125, ""token"": ""pace"", ""attribution"": 0.045504964888095856, ""normalised_attribution"": 0.021038740873336792}, {""token_position"": 48, ""token"": ""adult"", ""attribution"": 0.042258020490407944, ""normalised_attribution"": 0.01953755132853985}, {""token_position"": 50, ""token"": ""health"", ""attribution"": 0.03881789743900299, ""normalised_attribution"": 0.01794704608619213}, {""token_position"": 187, ""token"": ""-"", ""attribution"": 0.036771681159734726, ""normalised_attribution"": 0.017000999301671982}, {""token_position"": 189, ""token"": ""assessment"", ""attribution"": 0.0323064848780632, ""normalised_attribution"": 0.014936563558876514}, {""token_position"": 246, ""token"": ""review"", ""attribution"": 0.027585294097661972, ""normalised_attribution"": 0.012753770686686039}, {""token_position"": 191, ""token"": ""undertaken"", ""attribution"": 0.025274479761719704, ""normalised_attribution"": 0.011685390025377274}, {""token_position"": 179, ""token"": ""##ant"", ""attribution"": 0.024814128875732422, ""normalised_attribution"": 0.0114725511521101}, {""token_position"": 178, ""token"": ""##press"", ""attribution"": 0.022687425836920738, ""normalised_attribution"": 0.010489292442798615}, {""token_position"": 190, ""token"": ""was"", ""attribution"": 0.022610628977417946, ""normalised_attribution"": 0.010453786700963974}, {""token_position"": 126, ""token"": ""##maker"", ""attribution"": 0.022464599460363388, ""normalised_attribution"": 0.0103862714022398}, {""token_position"": 177, ""token"": ""##de"", ""attribution"": 0.02182059921324253, ""normalised_attribution"": 0.010088524781167507}, {""token_position"": 51, ""token"": ""service"", ""attribution"": 0.021429210901260376, ""normalised_attribution"": 0.009907570667564869}, {""token_position"": 198, ""token"": ""documented"", ""attribution"": 0.021154411137104034, ""normalised_attribution"": 0.009780519641935825}, {""token_position"": 124, ""token"": ""cardiac"", ""attribution"": 0.02052895724773407, ""normalised_attribution"": 0.009491347707808018}, {""token_position"": 244, ""token"": ""-"", ""attribution"": 0.020035522058606148, ""normalised_attribution"": 0.00926321279257536}]"
92,42,2d8c49ce-2127-5f8c-b22c-47cac5874890,25,K57,25,K57,0.07068866491317749,0.6801232919672879,286,284,253,26,50,0.00509953498840332,"[{""token_position"": 48, ""token"": ""##ec"", ""attribution"": 0.14820615947246552, ""normalised_attribution"": 0.06826630234718323}, {""token_position"": 261, ""token"": ""##tal"", ""attribution"": 0.14482635259628296, ""normalised_attribution"": 0.066709503531456}, {""token_position"": 49, ""token"": ""##tal"", ""attribution"": 0.10763812810182571, ""normalised_attribution"": 0.04957997053861618}, {""token_position"": 260, ""token"": ""##ec"", ""attribution"": 0.054041750729084015, ""normalised_attribution"": 0.02489255927503109}, {""token_position"": 199, ""token"": ""##ro"", ""attribution"": 0.04229941964149475, ""normalised_attribution"": 0.019483840093016624}, {""token_position"": 206, ""token"": ""abdominal"", ""attribution"": 0.038748882710933685, ""normalised_attribution"": 0.01784840039908886}, {""token_position"": 47, ""token"": ""color"", ""attribution"": 0.03281867131590843, ""normalised_attribution"": 0.015116843394935131}, {""token_position"": 164, ""token"": ""inflammation"", ""attribution"": 0.03153444081544876, ""normalised_attribution"": 0.014525305479764938}, {""token_position"": 197, ""token"": ""anti"", ""attribution"": 0.029264839366078377, ""normalised_attribution"": 0.013479887507855892}, {""token_position"": 200, ""token"": ""##bial"", ""attribution"": 0.02821110188961029, ""normalised_attribution"": 0.012994518503546715}, {""token_position"": 263, ""token"": ""-"", ""attribution"": 0.02560456097126007, ""normalised_attribution"": 0.011793900281190872}, {""token_position"": 265, ""token"": ""after"", ""attribution"": 0.02552695944905281, ""normalised_attribution"": 0.01175815612077713}, {""token_position"": 89, ""token"": ""abdominal"", ""attribution"": 0.023930203169584274, ""normalised_attribution"": 0.011022662743926048}, {""token_position"": 198, ""token"": ""##mic"", ""attribution"": 0.02332070842385292, ""normalised_attribution"": 0.01074191927909851}, {""token_position"": 90, ""token"": ""pain"", ""attribution"": 0.02257493883371353, ""normalised_attribution"": 0.01039840467274189}, {""token_position"": 254, ""token"": ""."", ""attribution"": 0.021929867565631866, ""normalised_attribution"": 0.010101273655891418}, {""token_position"": 213, ""token"": ""inflammatory"", ""attribution"": 0.019727982580661774, ""normalised_attribution"": 0.009087047539651394}, {""token_position"": 264, ""token"": ""up"", ""attribution"": 0.01941005326807499, ""normalised_attribution"": 0.008940603584051132}, {""token_position"": 152, ""token"": ""##graphy"", ""attribution"": 0.018530847504734993, ""normalised_attribution"": 0.008535626344382763}, {""token_position"": 211, ""token"": ""pain"", ""attribution"": 0.018373463302850723, ""normalised_attribution"": 0.008463133126497269}, {""token_position"": 208, ""token"": ""were"", ""attribution"": 0.017292294651269913, ""normalised_attribution"": 0.007965127937495708}, {""token_position"": 195, ""token"": ""fluids"", ""attribution"": 0.017199315130710602, ""normalised_attribution"": 0.007922300137579441}, {""token_position"": 192, ""token"": ""##ges"", ""attribution"": 0.0163729228079319, ""normalised_attribution"": 0.007541649509221315}, {""token_position"": 50, ""token"": ""surgery"", ""attribution"": 0.016049522906541824, ""normalised_attribution"": 0.0073926858603954315}, {""token_position"": 251, ""token"": ""follow"", ""attribution"": 0.01454409584403038, ""normalised_attribution"": 0.006699260324239731}, {""token_position"": 186, ""token"": ""course"", ""attribution"": 0.014279309660196304, ""normalised_attribution"": 0.006577295251190662}]"
93,234,be171da9-fed0-56d9-83e7-15c8a1fc5627,24,K29,24,K29,0.07035154849290848,0.7903489054495787,285,283,231,24,50,3.814697265625e-05,"[{""token_position"": 265, ""token"": ""infection"", ""attribution"": 0.1202220693230629, ""normalised_attribution"": 0.046468112617731094}, {""token_position"": 261, ""token"": ""testing"", ""attribution"": 0.08111255615949631, ""normalised_attribution"": 0.031351543962955475}, {""token_position"": 140, ""token"": ""tests"", ""attribution"": 0.07845708727836609, ""normalised_attribution"": 0.030325155705213547}, {""token_position"": 264, ""token"": ""##tric"", ""attribution"": 0.060388557612895966, ""normalised_attribution"": 0.02334132418036461}, {""token_position"": 139, ""token"": ""blood"", ""attribution"": 0.04881846904754639, ""normalised_attribution"": 0.018869265913963318}, {""token_position"": 179, ""token"": ""suppression"", ""attribution"": 0.048399802297353745, ""normalised_attribution"": 0.01870744302868843}, {""token_position"": 203, ""token"": ""when"", ""attribution"": 0.04182391241192818, ""normalised_attribution"": 0.016165737062692642}, {""token_position"": 200, ""token"": ""##copy"", ""attribution"": 0.040869858115911484, ""normalised_attribution"": 0.015796976163983345}, {""token_position"": 54, ""token"": ""gas"", ""attribution"": 0.03868287801742554, ""normalised_attribution"": 0.014951667748391628}, {""token_position"": 253, ""token"": ""follow"", ""attribution"": 0.03599642962217331, ""normalised_attribution"": 0.01391330361366272}, {""token_position"": 201, ""token"": ""was"", ""attribution"": 0.03543323650956154, ""normalised_attribution"": 0.013695619069039822}, {""token_position"": 56, ""token"": ""##enter"", ""attribution"": 0.034844063222408295, ""normalised_attribution"": 0.01346789300441742}, {""token_position"": 263, ""token"": ""gas"", ""attribution"": 0.03443925082683563, ""normalised_attribution"": 0.013311425223946571}, {""token_position"": 262, ""token"": ""for"", ""attribution"": 0.03257547318935394, ""normalised_attribution"": 0.012591039761900902}, {""token_position"": 182, ""token"": ""##em"", ""attribution"": 0.03179634362459183, ""normalised_attribution"": 0.012289891019463539}, {""token_position"": 178, ""token"": ""acid"", ""attribution"": 0.030654236674308777, ""normalised_attribution"": 0.011848445050418377}, {""token_position"": 158, ""token"": ""##tri"", ""attribution"": 0.02876277267932892, ""normalised_attribution"": 0.011117357760667801}, {""token_position"": 55, ""token"": ""##tro"", ""attribution"": 0.027355536818504333, ""normalised_attribution"": 0.0105734346434474}, {""token_position"": 186, ""token"": ""diet"", ""attribution"": 0.025646602734923363, ""normalised_attribution"": 0.009912899695336819}, {""token_position"": 198, ""token"": ""end"", ""attribution"": 0.023624610155820847, ""normalised_attribution"": 0.009131360799074173}, {""token_position"": 254, ""token"": ""-"", ""attribution"": 0.02297954261302948, ""normalised_attribution"": 0.008882029913365841}, {""token_position"": 126, ""token"": ""history"", ""attribution"": 0.022562505677342415, ""normalised_attribution"": 0.008720837533473969}, {""token_position"": 157, ""token"": ""gas"", ""attribution"": 0.021964292973279953, ""normalised_attribution"": 0.008489616215229034}, {""token_position"": 266, ""token"": ""."", ""attribution"": 0.021688496693968773, ""normalised_attribution"": 0.008383016102015972}]"
94,243,cded8bcd-fe3f-5022-aa2f-013ac43fe88d,30,N39,29,N18,0.06148609519004822,0.3671615577526498,271,269,181,19,50,0.0010336637496948242,"[{""token_position"": 246, ""token"": ""culture"", ""attribution"": 0.06393654644489288, ""normalised_attribution"": 0.025589246302843094}, {""token_position"": 189, ""token"": ""sampling"", ""attribution"": 0.06341353058815002, ""normalised_attribution"": 0.02537992037832737}, {""token_position"": 125, ""token"": ""withdrawal"", ""attribution"": 0.05843985080718994, ""normalised_attribution"": 0.023389309644699097}, {""token_position"": 248, ""token"": ""with"", ""attribution"": 0.0571553073823452, ""normalised_attribution"": 0.02287519909441471}, {""token_position"": 244, ""token"": "":"", ""attribution"": 0.05265660956501961, ""normalised_attribution"": 0.02107468992471695}, {""token_position"": 247, ""token"": ""results"", ""attribution"": 0.045509010553359985, ""normalised_attribution"": 0.018214015290141106}, {""token_position"": 199, ""token"": ""systemic"", ""attribution"": 0.04116726666688919, ""normalised_attribution"": 0.016476325690746307}, {""token_position"": 196, ""token"": ""symptoms"", ""attribution"": 0.03867001831531525, ""normalised_attribution"": 0.015476854518055916}, {""token_position"": 162, ""token"": ""procedures"", ""attribution"": 0.033828213810920715, ""normalised_attribution"": 0.013539024628698826}, {""token_position"": 250, ""token"": ""g"", ""attribution"": 0.029697507619857788, ""normalised_attribution"": 0.01188579760491848}, {""token_position"": 50, ""token"": ""service"", ""attribution"": 0.028664281591773033, ""normalised_attribution"": 0.01147227082401514}, {""token_position"": 260, ""token"": ""clinical"", ""attribution"": 0.026562053710222244, ""normalised_attribution"": 0.010630898177623749}, {""token_position"": 120, ""token"": ""documented"", ""attribution"": 0.026330843567848206, ""normalised_attribution"": 0.01053836103528738}, {""token_position"": 157, ""token"": ""##rina"", ""attribution"": 0.02575460635125637, ""normalised_attribution"": 0.010307734832167625}, {""token_position"": 194, ""token"": ""##rina"", ""attribution"": 0.024584095925092697, ""normalised_attribution"": 0.009839262813329697}, {""token_position"": 159, ""token"": ""tract"", ""attribution"": 0.023822320625185966, ""normalised_attribution"": 0.009534378536045551}, {""token_position"": 205, ""token"": ""ni"", ""attribution"": 0.023529071360826492, ""normalised_attribution"": 0.00941701140254736}, {""token_position"": 249, ""token"": ""the"", ""attribution"": 0.023308508098125458, ""normalised_attribution"": 0.009328735992312431}, {""token_position"": 255, ""token"": ""was"", ""attribution"": 0.0231569092720747, ""normalised_attribution"": 0.009268061257898808}]"
95,49,c3252dc4-920b-572e-9f90-58051a68f3bd,30,N39,29,N18,0.066515251994133,0.44422155244607786,277,275,184,19,50,0.003056764602661133,"[{""token_position"": 195, ""token"": ""sampling"", ""attribution"": 0.18762178719043732, ""normalised_attribution"": 0.07379685342311859}, {""token_position"": 250, ""token"": "":"", ""attribution"": 0.092988520860672, ""normalised_attribution"": 0.036574967205524445}, {""token_position"": 252, ""token"": ""culture"", ""attribution"": 0.06097545474767685, ""normalised_attribution"": 0.023983338847756386}, {""token_position"": 253, ""token"": ""results"", ""attribution"": 0.054242804646492004, ""normalised_attribution"": 0.02133520133793354}, {""token_position"": 254, ""token"": ""with"", ""attribution"": 0.04945019632577896, ""normalised_attribution"": 0.01945013552904129}, {""token_position"": 50, ""token"": ""service"", ""attribution"": 0.04155592620372772, ""normalised_attribution"": 0.016345098614692688}, {""token_position"": 165, ""token"": ""tract"", ""attribution"": 0.041101209819316864, ""normalised_attribution"": 0.01616624742746353}, {""token_position"": 168, ""token"": ""procedures"", ""attribution"": 0.03977562487125397, ""normalised_attribution"": 0.01564485765993595}, {""token_position"": 205, ""token"": ""systemic"", ""attribution"": 0.037393294274806976, ""normalised_attribution"": 0.014707820490002632}, {""token_position"": 255, ""token"": ""the"", ""attribution"": 0.028245743364095688, ""normalised_attribution"": 0.011109834536910057}, {""token_position"": 163, ""token"": ""##rina"", ""attribution"": 0.028167899698019028, ""normalised_attribution"": 0.011079216375946999}, {""token_position"": 202, ""token"": ""symptoms"", ""attribution"": 0.025342948734760284, ""normalised_attribution"": 0.009968085214495659}, {""token_position"": 48, ""token"": ""##rol"", ""attribution"": 0.02528441697359085, ""normalised_attribution"": 0.009945062920451164}, {""token_position"": 256, ""token"": ""g"", ""attribution"": 0.024583302438259125, ""normalised_attribution"": 0.009669295512139797}, {""token_position"": 200, ""token"": ""##rina"", ""attribution"": 0.023510484024882317, ""normalised_attribution"": 0.009247326292097569}, {""token_position"": 258, ""token"": ""."", ""attribution"": 0.02219727635383606, ""normalised_attribution"": 0.008730804547667503}, {""token_position"": 260, ""token"": ""patient"", ""attribution"": 0.02217779867351055, ""normalised_attribution"": 0.008723143488168716}, {""token_position"": 274, ""token"": ""concerns"", ""attribution"": 0.021850138902664185, ""normalised_attribution"": 0.008594266138970852}, {""token_position"": 211, ""token"": ""ni"", ""attribution"": 0.02182336151599884, ""normalised_attribution"": 0.008583733811974525}]"
96,324,326f2f22-575e-524e-b384-92d94feadd2f,23,J98,23,J98,0.07105790823698044,0.7951022467323532,257,255,222,23,50,0.00011527538299560547,"[{""token_position"": 232, ""token"": ""breathing"", ""attribution"": 0.05216512084007263, ""normalised_attribution"": 0.03515416011214256}, {""token_position"": 186, ""token"": ""oxygen"", ""attribution"": 0.04592046141624451, ""normalised_attribution"": 0.030945874750614166}, {""token_position"": 170, ""token"": ""breathing"", ""attribution"": 0.04455310106277466, ""normalised_attribution"": 0.030024409294128418}, {""token_position"": 175, ""token"": ""respiratory"", ""attribution"": 0.03476694971323013, ""normalised_attribution"": 0.0234295055270195}, {""token_position"": 182, ""token"": ""assessment"", ""attribution"": 0.029469097033143044, ""normalised_attribution"": 0.019859272986650467}, {""token_position"": 189, ""token"": ""air"", ""attribution"": 0.029052872210741043, ""normalised_attribution"": 0.019578779116272926}, {""token_position"": 191, ""token"": ""improved"", ""attribution"": 0.028388332575559616, ""normalised_attribution"": 0.019130945205688477}, {""token_position"": 92, ""token"": ""breathing"", ""attribution"": 0.027107972651720047, ""normalised_attribution"": 0.018268108367919922}, {""token_position"": 47, ""token"": ""respiratory"", ""attribution"": 0.023073751479387283, ""normalised_attribution"": 0.015549439936876297}, {""token_position"": 185, ""token"": ""."", ""attribution"": 0.02119451016187668, ""normalised_attribution"": 0.0142830153927207}, {""token_position"": 187, ""token"": ""##ation"", ""attribution"": 0.021049872040748596, ""normalised_attribution"": 0.014185544103384018}, {""token_position"": 180, ""token"": ""##ap"", ""attribution"": 0.019695548340678215, ""normalised_attribution"": 0.013272862881422043}, {""token_position"": 200, ""token"": ""included"", ""attribution"": 0.018060388043522835, ""normalised_attribution"": 0.012170925736427307}, {""token_position"": 184, ""token"": ""completed"", ""attribution"": 0.017767759039998055, ""normalised_attribution"": 0.011973722837865353}, {""token_position"": 183, ""token"": ""was"", ""attribution"": 0.017696388065814972, ""normalised_attribution"": 0.01192562561482191}, {""token_position"": 231, ""token"": ""continue"", ""attribution"": 0.01655794307589531, ""normalised_attribution"": 0.011158425360918045}, {""token_position"": 235, ""token"": ""mob"", ""attribution"": 0.013918821699917316, ""normalised_attribution"": 0.009379916824400425}, {""token_position"": 173, ""token"": ""provided"", ""attribution"": 0.01343119889497757, ""normalised_attribution"": 0.00905130710452795}, {""token_position"": 159, ""token"": ""team"", ""attribution"": 0.01341748982667923, ""normalised_attribution"": 0.009042068384587765}, {""token_position"": 238, ""token"": ""."", ""attribution"": 0.012601932510733604, ""normalised_attribution"": 0.008492463268339634}, {""token_position"": 178, ""token"": ""##sio"", ""attribution"": 0.012516033835709095, ""normalised_attribution"": 0.008434575982391834}, {""token_position"": 103, ""token"": ""requirement"", ""attribution"": 0.012015584856271744, ""normalised_attribution"": 0.008097322657704353}, {""token_position"": 181, ""token"": ""##y"", ""attribution"": 0.011071103624999523, ""normalised_attribution"": 0.007460835389792919}]"
97,239,d8457f63-9fdd-5ca4-be8b-13c2c285fab1,0,B96,42,Z88,0.07363490760326385,0.48046550553986667,292,290,235,24,50,0.000758051872253418,"[{""token_position"": 191, ""token"": ""##biotic"", ""attribution"": 0.0470699816942215, ""normalised_attribution"": 0.022968968376517296}, {""token_position"": 190, ""token"": ""anti"", ""attribution"": 0.03471723943948746, ""normalised_attribution"": 0.016941139474511147}, {""token_position"": 201, ""token"": ""##ibility"", ""attribution"": 0.034384679049253464, ""normalised_attribution"": 0.01677885837852955}, {""token_position"": 127, ""token"": ""##gly"", ""attribution"": 0.0318552628159523, ""normalised_attribution"": 0.015544567257165909}, {""token_position"": 211, ""token"": ""##bial"", ""attribution"": 0.028559161350131035, ""normalised_attribution"": 0.013936152681708336}, {""token_position"": 269, ""token"": ""symptoms"", ""attribution"": 0.028411179780960083, ""normalised_attribution"": 0.01386394165456295}, {""token_position"": 210, ""token"": ""##ro"", ""attribution"": 0.027849536389112473, ""normalised_attribution"": 0.013589873909950256}, {""token_position"": 96, ""token"": ""fever"", ""attribution"": 0.027480842545628548, ""normalised_attribution"": 0.013409960083663464}, {""token_position"": 192, ""token"": ""treatment"", ""attribution"": 0.027216846123337746, ""normalised_attribution"": 0.013281136751174927}, {""token_position"": 204, ""token"": ""micro"", ""attribution"": 0.02567005529999733, ""normalised_attribution"": 0.012526341713964939}, {""token_position"": 271, ""token"": ""##cu"", ""attribution"": 0.024892771616578102, ""normalised_attribution"": 0.012147046625614166}, {""token_position"": 222, ""token"": ""resolved"", ""attribution"": 0.024776022881269455, ""normalised_attribution"": 0.012090076692402363}, {""token_position"": 261, ""token"": ""follow"", ""attribution"": 0.023544825613498688, ""normalised_attribution"": 0.011489283293485641}, {""token_position"": 214, ""token"": ""completed"", ""attribution"": 0.022941002622246742, ""normalised_attribution"": 0.011194632388651371}, {""token_position"": 203, ""token"": ""."", ""attribution"": 0.02247215434908867, ""normalised_attribution"": 0.010965846478939056}, {""token_position"": 153, ""token"": ""##ibility"", ""attribution"": 0.02119014598429203, ""normalised_attribution"": 0.010340258479118347}, {""token_position"": 47, ""token"": ""infectious"", ""attribution"": 0.02086026966571808, ""normalised_attribution"": 0.010179286822676659}, {""token_position"": 126, ""token"": ""##yper"", ""attribution"": 0.020790183916687965, ""normalised_attribution"": 0.010145086795091629}, {""token_position"": 178, ""token"": ""##rina"", ""attribution"": 0.019798342138528824, ""normalised_attribution"": 0.009661093354225159}, {""token_position"": 202, ""token"": ""results"", ""attribution"": 0.019545137882232666, ""normalised_attribution"": 0.009537535719573498}, {""token_position"": 53, ""token"": ""de"", ""attribution"": 0.018904194235801697, ""normalised_attribution"": 0.00922477152198553}, {""token_position"": 100, ""token"": ""##uria"", ""attribution"": 0.01876990497112274, ""normalised_attribution"": 0.009159241802990437}, {""token_position"": 260, ""token"": ""."", ""attribution"": 0.018357090651988983, ""normalised_attribution"": 0.008957798592746258}, {""token_position"": 147, ""token"": ""culture"", ""attribution"": 0.018068237230181694, ""normalised_attribution"": 0.008816845715045929}]"
98,274,fa836b3e-3e4d-59d6-947a-40c276da0642,49,Z99,49,Z99,0.19698993861675262,0.9994233733202981,280,278,243,25,50,-0.0016651153564453125,"[{""token_position"": 171, ""token"": ""oxygen"", ""attribution"": 0.10187307000160217, ""normalised_attribution"": 0.03567691519856453}, {""token_position"": 256, ""token"": ""oxygen"", ""attribution"": 0.08233064413070679, ""normalised_attribution"": 0.028832973912358284}, {""token_position"": 195, ""token"": ""oxygen"", ""attribution"": 0.0762660875916481, ""normalised_attribution"": 0.02670910768210888}, {""token_position"": 50, ""token"": ""respiratory"", ""attribution"": 0.07166029512882233, ""normalised_attribution"": 0.025096116587519646}, {""token_position"": 255, ""token"": ""home"", ""attribution"": 0.06053726002573967, ""normalised_attribution"": 0.021200723946094513}, {""token_position"": 209, ""token"": ""oxygen"", ""attribution"": 0.05527833104133606, ""normalised_attribution"": 0.01935899630188942}, {""token_position"": 184, ""token"": ""oxygen"", ""attribution"": 0.0533478781580925, ""normalised_attribution"": 0.01868293434381485}, {""token_position"": 170, ""token"": ""home"", ""attribution"": 0.04999178647994995, ""normalised_attribution"": 0.01750759780406952}, {""token_position"": 117, ""token"": ""pain"", ""attribution"": 0.04383320361375809, ""normalised_attribution"": 0.01535080373287201}, {""token_position"": 172, ""token"": ""therapy"", ""attribution"": 0.043218474835157394, ""normalised_attribution"": 0.01513552013784647}, {""token_position"": 51, ""token"": ""medicine"", ""attribution"": 0.0412457175552845, ""normalised_attribution"": 0.014444641768932343}, {""token_position"": 199, ""token"": ""settings"", ""attribution"": 0.04081430286169052, ""normalised_attribution"": 0.014293556101620197}, {""token_position"": 142, ""token"": ""oxygen"", ""attribution"": 0.03933453559875488, ""normalised_attribution"": 0.013775328174233437}, {""token_position"": 254, ""token"": "":"", ""attribution"": 0.03837591037154198, ""normalised_attribution"": 0.013439607806503773}, {""token_position"": 210, ""token"": ""requirement"", ""attribution"": 0.03589938208460808, ""normalised_attribution"": 0.012572304345667362}, {""token_position"": 191, ""token"": ""reviewed"", ""attribution"": 0.03493206948041916, ""normalised_attribution"": 0.012233542278409004}, {""token_position"": 198, ""token"": ""flow"", ""attribution"": 0.0346190370619297, ""normalised_attribution"": 0.012123915366828442}, {""token_position"": 200, ""token"": ""were"", ""attribution"": 0.03256437927484512, ""normalised_attribution"": 0.011404355056583881}, {""token_position"": 251, ""token"": ""follow"", ""attribution"": 0.030933864414691925, ""normalised_attribution"": 0.010833333246409893}, {""token_position"": 185, ""token"": ""therapy"", ""attribution"": 0.030405234545469284, ""normalised_attribution"": 0.010648202151060104}, {""token_position"": 193, ""token"": ""home"", ""attribution"": 0.029008354991674423, ""normalised_attribution"": 0.010159001685678959}, {""token_position"": 201, ""token"": ""checked"", ""attribution"": 0.027477644383907318, ""normalised_attribution"": 0.00962293241173029}, {""token_position"": 257, ""token"": ""service"", ""attribution"": 0.027445640414953232, ""normalised_attribution"": 0.009611723944544792}, {""token_position"": 188, ""token"": ""safety"", ""attribution"": 0.027322500944137573, ""normalised_attribution"": 0.009568599052727222}, {""token_position"": 148, ""token"": ""assessment"", ""attribution"": 0.027151208370923996, ""normalised_attribution"": 0.00950861070305109}]"
99,78,7c415516-1ba7-5590-91ef-88d21cc73254,14,F32,14,F32,0.0813518837094307,0.8027324195376201,265,263,210,21,50,0.0009622573852539062,"[{""token_position"": 184, ""token"": ""health"", ""attribution"": 0.11318144202232361, ""normalised_attribution"": 0.055325355380773544}, {""token_position"": 239, ""token"": ""mental"", ""attribution"": 0.10758934915065765, ""normalised_attribution"": 0.052591826766729355}, {""token_position"": 182, ""token"": ""mental"", ""attribution"": 0.10160232335329056, ""normalised_attribution"": 0.04966524988412857}, {""token_position"": 241, ""token"": ""health"", ""attribution"": 0.09032805263996124, ""normalised_attribution"": 0.04415415972471237}, {""token_position"": 50, ""token"": ""mental"", ""attribution"": 0.07079853117465973, ""normalised_attribution"": 0.03460773825645447}, {""token_position"": 240, ""token"": ""-"", ""attribution"": 0.05446096509695053, ""normalised_attribution"": 0.026621609926223755}, {""token_position"": 242, ""token"": ""review"", ""attribution"": 0.04831760376691818, ""normalised_attribution"": 0.023618612438440323}, {""token_position"": 131, ""token"": ""mental"", ""attribution"": 0.047822121530771255, ""normalised_attribution"": 0.023376410827040672}, {""token_position"": 183, ""token"": ""-"", ""attribution"": 0.0394115224480629, ""normalised_attribution"": 0.01926514133810997}, {""token_position"": 51, ""token"": ""health"", ""attribution"": 0.03849376365542412, ""normalised_attribution"": 0.018816521391272545}, {""token_position"": 185, ""token"": ""assessment"", ""attribution"": 0.03779115155339241, ""normalised_attribution"": 0.018473071977496147}, {""token_position"": 49, ""token"": ""adult"", ""attribution"": 0.03680146858096123, ""normalised_attribution"": 0.017989294603466988}, {""token_position"": 195, ""token"": ""safety"", ""attribution"": 0.032087117433547974, ""normalised_attribution"": 0.015684824436903}, {""token_position"": 175, ""token"": ""##ant"", ""attribution"": 0.0312931053340435, ""normalised_attribution"": 0.015296695753932}, {""token_position"": 186, ""token"": ""was"", ""attribution"": 0.02488221973180771, ""normalised_attribution"": 0.012162926606833935}, {""token_position"": 52, ""token"": ""service"", ""attribution"": 0.02457583136856556, ""normalised_attribution"": 0.012013157829642296}, {""token_position"": 174, ""token"": ""##press"", ""attribution"": 0.02391223981976509, ""normalised_attribution"": 0.011688780970871449}, {""token_position"": 173, ""token"": ""##de"", ""attribution"": 0.023390717804431915, ""normalised_attribution"": 0.011433850973844528}, {""token_position"": 237, ""token"": "":"", ""attribution"": 0.02138490602374077, ""normalised_attribution"": 0.010453370399773121}, {""token_position"": 189, ""token"": ""immediate"", ""attribution"": 0.019956305623054504, ""normalised_attribution"": 0.00975504145026207}, {""token_position"": 181, ""token"": ""##disciplinary"", ""attribution"": 0.019846785813570023, ""normalised_attribution"": 0.009701506234705448}]"
100,53,dffabc94-aef7-5179-b226-dd17b308ccbb,49,Z99,49,Z99,0.20112711191177368,0.9995309935345521,281,279,245,25,50,0.0003142356872558594,"[{""token_position"": 172, ""token"": ""oxygen"", ""attribution"": 0.09552866965532303, ""normalised_attribution"": 0.034341394901275635}, {""token_position"": 196, ""token"": ""oxygen"", ""attribution"": 0.0911509171128273, ""normalised_attribution"": 0.0327676460146904}, {""token_position"": 257, ""token"": ""oxygen"", ""attribution"": 0.08512309193611145, ""normalised_attribution"": 0.030600715428590775}, {""token_position"": 185, ""token"": ""oxygen"", ""attribution"": 0.0770859569311142, ""normalised_attribution"": 0.02771146222949028}, {""token_position"": 210, ""token"": ""oxygen"", ""attribution"": 0.06123238801956177, ""normalised_attribution"": 0.022012297064065933}, {""token_position"": 51, ""token"": ""respiratory"", ""attribution"": 0.05733773857355118, ""normalised_attribution"": 0.020612219348549843}, {""token_position"": 256, ""token"": ""home"", ""attribution"": 0.056868936866521835, ""normalised_attribution"": 0.020443690940737724}, {""token_position"": 171, ""token"": ""home"", ""attribution"": 0.04708119481801987, ""normalised_attribution"": 0.016925115138292313}, {""token_position"": 143, ""token"": ""oxygen"", ""attribution"": 0.041395917534828186, ""normalised_attribution"": 0.014881327748298645}, {""token_position"": 186, ""token"": ""therapy"", ""attribution"": 0.040975797921419144, ""normalised_attribution"": 0.014730299822986126}, {""token_position"": 52, ""token"": ""medicine"", ""attribution"": 0.04047790914773941, ""normalised_attribution"": 0.0145513154566288}, {""token_position"": 200, ""token"": ""settings"", ""attribution"": 0.0403105765581131, ""normalised_attribution"": 0.014491161331534386}, {""token_position"": 192, ""token"": ""reviewed"", ""attribution"": 0.039720505475997925, ""normalised_attribution"": 0.014279037714004517}, {""token_position"": 118, ""token"": ""pain"", ""attribution"": 0.03957359865307808, ""normalised_attribution"": 0.014226227067410946}, {""token_position"": 173, ""token"": ""therapy"", ""attribution"": 0.037140652537345886, ""normalised_attribution"": 0.01335161179304123}, {""token_position"": 199, ""token"": ""flow"", ""attribution"": 0.036071524024009705, ""normalised_attribution"": 0.012967273592948914}, {""token_position"": 201, ""token"": ""were"", ""attribution"": 0.03233709558844566, ""normalised_attribution"": 0.011624791659414768}, {""token_position"": 211, ""token"": ""requirement"", ""attribution"": 0.030849365517497063, ""normalised_attribution"": 0.011089971289038658}, {""token_position"": 103, ""token"": ""oxygen"", ""attribution"": 0.030442798510193825, ""normalised_attribution"": 0.010943815112113953}, {""token_position"": 255, ""token"": "":"", ""attribution"": 0.029355105012655258, ""normalised_attribution"": 0.010552803054451942}, {""token_position"": 191, ""token"": ""were"", ""attribution"": 0.026524104177951813, ""normalised_attribution"": 0.009535091929137707}, {""token_position"": 252, ""token"": ""follow"", ""attribution"": 0.026141293346881866, ""normalised_attribution"": 0.0093974769115448}, {""token_position"": 202, ""token"": ""checked"", ""attribution"": 0.025858458131551743, ""normalised_attribution"": 0.00929580070078373}, {""token_position"": 184, ""token"": ""provided"", ""attribution"": 0.025289131328463554, ""normalised_attribution"": 0.009091135114431381}, {""token_position"": 189, ""token"": ""safety"", ""attribution"": 0.024624641984701157, ""normalised_attribution"": 0.008852259255945683}]"
